Workbook
Name _____________BSG11: [3]Busang1!$A$5:$GK$35
Name _____________BSG12: [3]Busang1!$A$41:$IO$71
Name _____________BSG13: [3]Busang1!$A$77:$GC$108
Name _____________BSG21: [3]Busang2!$A$5:$GK$35
Name _____________BSG23: [3]Busang2!$A$77:$GC$107
Name _____________BSG33: [3]Busang3!$A$77:$GC$107
Name _____________BUS1: [3]Busang1!$HQ$4:$HT$36
Name _____________BUS2: [3]Busang2!$HY$4:$IB$36
Name _____________JG1: [3]Jonggon1!$HY$6:$IB$36
Name _____________JG2: [3]Jonggon2!$IO$5:$IR$35
Name _____________JGN11: [3]Jonggon1!$A$5:$GK$35
Name _____________JGN12: [3]Jonggon1!$A$41:$IO$71
Name _____________JGN13: [3]Jonggon1!$A$77:$GC$107
Name _____________JGN21: [3]Jonggon2!$A$5:$GK$35
Name _____________JGN22: [3]Jonggon2!$A$41:$IO$71
Name _____________JGN23: [3]Jonggon2!$A$77:$GC$107
Name _____________JGN31: [3]Jonggon3!$A$5:$EW$35
Name _____________JGN32: [3]Jonggon3!$A$41:$IO$71
Name _____________JGN33: [3]Jonggon3!$A$77:$GC$107
Name ____________BSG13: [3]Busang1!$A$77:$GC$108
Name ____________BSG21: [3]Busang2!$A$5:$GK$35
Name ____________BSG22: [3]Busang2!$A$41:$IO$71
Name ____________BSG23: [3]Busang2!$A$77:$GC$107
Name ____________BSG31: [3]Busang3!$A$5:$EW$35
Name ____________BSG32: [3]Busang3!$A$41:$IO$71
Name ____________BSG33: [3]Busang3!$A$77:$GC$107
Name ____________BUS1: [3]Busang1!$HQ$4:$HT$36
Name ____________BUS2: [3]Busang2!$HY$4:$IB$36
Name ____________JG1: [3]Jonggon1!$HY$6:$IB$36
Name ____________JG2: [3]Jonggon2!$IO$5:$IR$35
Name ____________JGN11: [3]Jonggon1!$A$5:$GK$35
Name ____________JGN12: [3]Jonggon1!$A$41:$IO$71
Name ____________JGN13: [3]Jonggon1!$A$77:$GC$107
Name ____________JGN21: [3]Jonggon2!$A$5:$GK$35
Name ____________JGN22: [3]Jonggon2!$A$41:$IO$71
Name ____________JGN23: [3]Jonggon2!$A$77:$GC$107
Name ____________JGN31: [3]Jonggon3!$A$5:$EW$35
Name ____________JGN32: [3]Jonggon3!$A$41:$IO$71
Name ____________JGN33: [3]Jonggon3!$A$77:$GC$107
Name ____________new2: #REF!
Name ___________BSG13: [3]Busang1!$A$77:$GC$108
Name ___________BSG21: [3]Busang2!$A$5:$GK$35
Name ___________BSG22: [3]Busang2!$A$41:$IO$71
Name ___________BSG23: [3]Busang2!$A$77:$GC$107
Name ___________BSG31: [3]Busang3!$A$5:$EW$35
Name ___________BSG32: [3]Busang3!$A$41:$IO$71
Name ___________BSG33: [3]Busang3!$A$77:$GC$107
Name ___________BUS1: [3]Busang1!$HQ$4:$HT$36
Name ___________BUS2: [3]Busang2!$HY$4:$IB$36
Name ___________JG1: [3]Jonggon1!$HY$6:$IB$36
Name ___________JG2: [3]Jonggon2!$IO$5:$IR$35
Name ___________JGN11: [3]Jonggon1!$A$5:$GK$35
Name ___________JGN12: [3]Jonggon1!$A$41:$IO$71
Name ___________JGN13: [3]Jonggon1!$A$77:$GC$107
Name ___________JGN21: [3]Jonggon2!$A$5:$GK$35
Name ___________JGN22: [3]Jonggon2!$A$41:$IO$71
Name ___________JGN23: [3]Jonggon2!$A$77:$GC$107
Name ___________JGN31: [3]Jonggon3!$A$5:$EW$35
Name ___________JGN32: [3]Jonggon3!$A$41:$IO$71
Name ___________JGN33: [3]Jonggon3!$A$77:$GC$107

Sheet OKT 2026
B1: UNIT NO | C1: LOKASI | D1: MODEL 1 | E1: MODEL 2 | F1: SMU READING 30 SEP 2023 | G1: 1 | H1: 44653 | I1: 44654 | J1: 44655 | K1: 44656 | L1: 44657 | M1: 44658 | N1: 44659 | O1: 44660 | P1: 44661 | Q1: 44662 | R1: 44663 | S1: 44664 | T1: 44665 | U1: 44666 | V1: 44667 | W1: 44668 | X1: 44669 | Y1: 44670 | Z1: 44671 | AA1: 44672 | AB1: 44673 | AC1: 44674 | AD1: 44675 | AE1: 44676 | AF1: 44677 | AG1: 44678 | AH1: 44679 | AI1: 44680 | AJ1: 44681 | AK1: 31 | AL1: EST. TOTAL DOWN TIME (hrs) | AM1: % PA | AO1: REPAIR OPTION REQUIRED / BACKLOG | AP1: REMAKS
G3: OKT | H3: =G3 -> OKT | I3: =H3 -> OKT | J3: =I3 -> OKT | K3: =J3 -> OKT | L3: =K3 -> OKT | M3: =L3 -> OKT | N3: =M3 -> OKT | O3: =N3 -> OKT | ... AE3: =AD3 -> OKT | AF3: =AB3 -> OKT | AG3: =AF3 -> OKT | AH3: =AG3 -> OKT | AI3: =AE3 -> OKT | AJ3: =AG3 -> OKT | AK3: =AH3 -> OKT | AM3: Monthly Forecast | AN3: Target
G4: =COUNT(G7:G308) -> 134 | H4: =COUNT(H7:H308) -> 134 | I4: =COUNT(I7:I308) -> 134 | J4: =COUNT(J7:J308) -> 135 | K4: =COUNT(K7:K308) -> 136 | L4: =COUNT(L7:L308) -> 134 | M4: =COUNT(M7:M308) -> 134 | N4: =COUNT(N7:N308) -> 134 | ... AK4: =COUNT(AK7:AK308) -> 135
B5: PA UNIT A2B PRODUCTION
B6: FORECAST AC SECTION TRACK
B7: D1521 | D7: D155A-6 | E7: D155A-6 | F7: 43834 | G7: 0 | H7: 0 | I7: 0 | J7: 0 | K7: 0 | L7: 0 | M7: 0 | N7: 0 | O7: 16 | P7: 0 | Q7: 0 | R7: 0 | S7: 0 | T7: 0 | U7: 0 | V7: 0 | W7: 0 | X7: 0 | Y7: 0 | Z7: 0 | AA7: 0 | AB7: 0 | AC7: 6 | AD7: 0 | AE7: 0 | AF7: 0 | AG7: 0 | AH7: 0 | AI7: 0 | AJ7: 0 | AK7: 0 | AL7: 53 | AM7: 0.92876344 | AN7: 0.922 | AO7: PMS 4000 & PMS 250 | AP7: compresor | AQ7: 2814400
AP8: m cluth | AQ8: 1530375
AP9: motor blower | AQ9: 1028500
AP10: evaporator | AQ10: 973500
AP11: expansi valeve | AQ11: 504000
AP12: thermostat elektrik | AQ12: 203000
AP13: drayer | AQ13: 250000
AP14: v-belt b38 | AQ14: 453250
AP15: oli ND08 | AQ15: 313500
AQ16: =SUM(AQ7:AQ15) -> 8070525
B18: D1535 | D18: D155A-6 | E18: D155A-6 | F18: 29660 | G18: 0 | H18: 0 | I18: 0 | J18: 0 | K18: 6 | L18: 0 | M18: 0 | N18: 0 | O18: 0 | P18: 0 | Q18: 0 | R18: 0 | S18: 0 | T18: 0 | U18: 0 | V18: 0 | W18: 0 | X18: 0 | Y18: 16 | Z18: 0 | AA18: 0 | AB18: 0 | AC18: 0 | AD18: 0 | AE18: 0 | AF18: 0 | AG18: 0 | AH18: 0 | AI18: 0 | AJ18: 0 | AK18: 0 | AL18: 53 | AM18: 0.92876344 | AN18: 0.922 | AO18: PMS 250 & PMS 2000 | AP18: compresor | AQ18: 2814400
AP19: m cluth | AQ19: 1530375
AP20: expansi valeve | AQ20: 504000
AP21: thermostat elektrik | AQ21: 203000
AP22: drayer | AQ22: 250000
AP23: v-belt b38 | AQ23: 453250
AP24: oli ND08 | AQ24: 313500
AQ25: =SUM(AQ18:AQ24) -> 6068525
B27: D5107AMM | D27: D155A-6 | E27: D155A-6 | F27: 25987 | G27: 16 | H27: 0 | I27: 0 | J27: 0 | K27: 0 | L27: 0 | M27: 0 | N27: 0 | O27: 0 | P27: 0 | Q27: 0 | R27: 0 | S27: 0 | T27: 0 | U27: 6 | V27: 0 | W27: 0 | X27: 0 | Y27: 0 | Z27: 0 | AA27: 0 | AB27: 0 | AC27: 0 | AD27: 0 | AE27: 0 | AF27: 0 | AG27: 0 | AH27: 0 | AI27: 8 | AJ27: 0 | AK27: 0 | AL27: 61 | AM27: 0.91801075 | AN27: 0.922 | AO27: PMS 2000 & PMS 250 & PMS 500 | AP27: expansi valeve | AQ27: 504000
AP28: thermostat elektrik | AQ28: 203000
AP29: drayer | AQ29: 250000
AP30: v-belt b38 | AQ30: 453250
AP31: oli ND08 | AQ31: 313500
AQ32: =SUM(AQ27:AQ31) -> 1723750
B34: D5109AMM | D34: D155A-6 | E34: D155A-6 | F34: 27772 | G34: 0 | H34: 0 | I34: 0 | J34: 0 | K34: 0 | L34: 0 | M34: 0 | N34: 0 | O34: 0 | P34: 0 | Q34: 0 | R34: 0 | S34: 16 | T34: 0 | U34: 0 | V34: 0 | W34: 0 | X34: 0 | Y34: 0 | Z34: 0 | AA34: 0 | AB34: 0 | AC34: 0 | AD34: 0 | AE34: 0 | AF34: 0 | AG34: 6 | AH34: 0 | AI34: 0 | AJ34: 0 | AK34: 0 | AL34: 53 | AM34: 0.92876344 | AN34: 0.922 | AO34: PMS 4000 & PMS 250 | AP34: expansi valeve | AQ34: 504000
AP35: thermostat elektrik | AQ35: 203000
AP36: drayer | AQ36: 250000
AP37: v-belt b38 | AQ37: 453250
AP38: oli ND08 | AQ38: 313500
AQ39: =SUM(AQ34:AQ38) -> 1723750
B41: D1558 | D41: D155A-6 | E41: D155A-6 | F41: 19981 | G41: 16 | H41: 0 | I41: 0 | J41: 0 | K41: 0 | L41: 0 | M41: 0 | N41: 0 | O41: 0 | P41: 0 | Q41: 0 | R41: 0 | S41: 0 | T41: 0 | U41: 6 | V41: 0 | W41: 0 | X41: 0 | Y41: 0 | Z41: 0 | AA41: 0 | AB41: 0 | AC41: 0 | AD41: 0 | AE41: 0 | AF41: 0 | AG41: 0 | AH41: 0 | AI41: 8 | AJ41: 0 | AK41: 0 | AL41: 61 | AM41: 0.91801075 | AN41: 0.922 | AO41: PMS 4000 & PMS 250 & PMS 500 | AP41: expansi valeve | AQ41: 504000
AP42: thermostat elektrik | AQ42: 203000
AP43: drayer | AQ43: 250000
AP44: v-belt b38 | AQ44: 453250
AP45: oli ND08 | AQ45: 313500
AQ46: =SUM(AQ41:AQ45) -> 1723750
B48: D1560 | D48: D155A-6 | E48: D155A-6 | F48: 17842 | G48: 0 | H48: 0 | I48: 0 | J48: 0 | K48: 0 | L48: 0 | M48: 0 | N48: 0 | O48: 16 | P48: 0 | Q48: 0 | R48: 0 | S48: 0 | T48: 0 | U48: 0 | V48: 0 | W48: 0 | X48: 0 | Y48: 0 | Z48: 0 | AA48: 0 | AB48: 0 | AC48: 6 | AD48: 0 | AE48: 0 | AF48: 0 | AG48: 0 | AH48: 0 | AI48: 0 | AJ48: 0 | AK48: 0 | AL48: 53 | AM48: 0.92876344 | AN48: 0.922 | AO48: PMS 2000 & PMS 250 | AP48: compresor | AQ48: 2814400
AP49: m cluth | AQ49: 1530375
AP50: kondensor | AQ50: 1864500
AP51: motor blower | AQ51: 1028500
AP52: evaporator | AQ52: 973500
AP53: expansi valeve | AQ53: 504000
AP54: thermostat elektrik | AQ54: 203000
AP55: drayer | AQ55: 250000
AP56: v-belt b38 | AQ56: 453250
AP57: oli ND08 | AQ57: 313500
AQ58: =SUM(AQ48:AQ57) -> 9935025
A60: =COUNTIF(G60:AK60,"") -> 0 | B60: D85148 | D60: D85ESS-2 | E60: D85ESS-2 | F60: 23918.6 | G60: 0 | H60: 0 | I60: 0 | J60: 0 | K60: 16 | L60: 0 | M60: 0 | N60: 0 | O60: 0 | P60: 0 | Q60: 0 | R60: 0 | S60: 0 | T60: 0 | U60: 0 | V60: 0 | W60: 0 | X60: 0 | Y60: 6 | Z60: 0 | AA60: 0 | AB60: 0 | AC60: 0 | AD60: 0 | AE60: 0 | AF60: 0 | AG60: 0 | AH60: 0 | AI60: 0 | AJ60: 0 | AK60: 0 | AL60: 53 | AM60: 0.92876344 | AN60: 0.922 | AO60: PMS 4000 & PMS 250 | AP60: expansi kapiler | AQ60: 307725
AP61: thermostat elektrik | AQ61: 203000
AP62: drayer3/8 | AQ62: 450000
AP63: v-belt B57 | AQ63: 132300
AP64: oli sp10. | AQ64: 313500
AQ65: =SUM(AQ60:AQ64) -> 1406525
A67: =COUNTIF(G67:AK67,"") -> 0 | B67: D85150 | D67: D85ESS-2 | E67: D85ESS-2 | F67: 21460 | G67: 0 | H67: 8 | I67: 0 | J67: 0 | K67: 0 | L67: 0 | M67: 0 | N67: 0 | O67: 0 | P67: 0 | Q67: 0 | R67: 0 | S67: 0 | T67: 0 | U67: 0 | V67: 6 | W67: 0 | X67: 0 | Y67: 0 | Z67: 0 | AA67: 0 | AB67: 0 | AC67: 0 | AD67: 0 | AE67: 0 | AF67: 0 | AG67: 0 | AH67: 0 | AI67: 0 | AJ67: 16 | AK67: 0 | AL67: 61 | AM67: 0.91801075 | AN67: 0.922 | AO67: PMS 500 & PMS 250 & PMS 2000 | AP67: expansi kapiler | AQ67: 307725
AP68: thermostat elektrik | AQ68: 203000
AP69: drayer3/8 | AQ69: 450000
AP70: v-belt B57 | AQ70: 132300
AP71: oli sp10. | AQ71: 313500
AQ72: =SUM(AQ67:AQ71) -> 1406525
A74: =COUNTIF(G74:AK74,"") -> 0 | B74: D85151 | D74: D85ESS-2 | E74: D85ESS-2 | F74: 21981 | G74: 16 | H74: 0 | I74: 0 | J74: 0 | K74: 0 | L74: 0 | M74: 0 | N74: 0 | O74: 0 | P74: 0 | Q74: 0 | R74: 0 | S74: 0 | T74: 0 | U74: 6 | V74: 0 | W74: 0 | X74: 0 | Y74: 0 | Z74: 0 | AA74: 0 | AB74: 0 | AC74: 0 | AD74: 0 | AE74: 0 | AF74: 0 | AG74: 0 | AH74: 0 | AI74: 8 | AJ74: 0 | AK74: 0 | AL74: 61 | AM74: 0.91801075 | AN74: 0.922 | AO74: PMS 2000 & PMS 250 & PMS 500 | AP74: expansi kapiler | AQ74: 307725
AP75: thermostat elektrik | AQ75: 203000
AP76: drayer3/8 | AQ76: 450000
AP77: v-belt B57 | AQ77: 132300
AP78: oli sp10. | AQ78: 313500
AQ79: =SUM(AQ74:AQ78) -> 1406525
A81: =COUNTIF(G81:AK81,"") -> 0 | B81: D85152 | D81: D85ESS-2 | E81: D85ESS-2 | F81: 21467.2 | G81: 0 | H81: 8 | I81: 0 | J81: 0 | K81: 0 | L81: 0 | M81: 0 | N81: 0 | O81: 0 | P81: 0 | Q81: 0 | R81: 0 | S81: 0 | T81: 0 | U81: 0 | V81: 6 | W81: 0 | X81: 0 | Y81: 0 | Z81: 0 | AA81: 0 | AB81: 0 | AC81: 0 | AD81: 0 | AE81: 0 | AF81: 0 | AG81: 0 | AH81: 0 | AI81: 0 | AJ81: 16 | AK81: 0 | AL81: 61 | AM81: 0.91801075 | AN81: 0.922 | AO81: PMS 500 & PMS 250 & PMS 2000 | AP81: expansi kapiler | AQ81: 307725
A82: =COUNTIF(G82:AK82,"") -> 0 | B82: D85153 | D82: ko | E82: D85ESS-2 | F82: 19706.5 | G82: 0 | H82: 0 | I82: 6 | J82: 0 | K82: 0 | L82: 0 | M82: 0 | N82: 0 | O82: 0 | P82: 0 | Q82: 0 | R82: 0 | S82: 0 | T82: 0 | U82: 0 | V82: 0 | W82: 16 | X82: 0 | Y82: 0 | Z82: 0 | AA82: 0 | AB82: 0 | AC82: 0 | AD82: 0 | AE82: 0 | AF82: 0 | AG82: 0 | AH82: 0 | AI82: 0 | AJ82: 0 | AK82: 6 | AL82: 59 | AM82: 0.92069892 | AN82: 0.922 | AO82: PMS 250 & PMS 4000 & PMS 250 | AP82: expansi kapiler | AQ82: thermostat elektrik | AR82: drayer3/8 | AS82: v-belt B57 | AT82: oli sp10.kondensor
AP83: thermostat elektrik | AQ83: 203000
AP84: drayer3/8 | AQ84: 450000
AP85: v-belt B57 | AQ85: 132300
AP86: oli sp10. | AQ86: 313500
AQ87: =SUM(AQ81:AQ86) -> 1406525
A89: =COUNTIF(G89:AK89,"") -> 0 | B89: D85171 | D89: D85ESS-2 | E89: D85ESS-2 | F89: 9977.5 | G89: 16 | H89: 0 | I89: 0 | J89: 0 | K89: 0 | L89: 0 | M89: 0 | N89: 0 | O89: 0 | P89: 0 | Q89: 0 | R89: 0 | S89: 0 | T89: 0 | U89: 6 | V89: 0 | W89: 0 | X89: 0 | Y89: 0 | Z89: 0 | AA89: 0 | AB89: 0 | AC89: 0 | AD89: 0 | AE89: 0 | AF89: 0 | AG89: 0 | AH89: 0 | AI89: 24 | AJ89: 24 | AK89: 24 | AL89: 125 | AM89: 0.83198925 | AN89: 0.922 | AO89: PMS 2000 & PMS 250 & PMS 500 & SCHEDULE UCR | AP89: expansi kapiler | AQ89: 307725
AP90: thermostat elektrik | AQ90: 203000
AP91: drayer3/8 | AQ91: 450000
AP92: v-belt B57 | AQ92: 132300
AP93: oli sp10. | AQ93: 313500
AQ94: =SUM(AQ89:AQ93) -> 1406525
A96: =COUNTIF(G96:AK96,"") -> 0 | B96: D85172 | D96: D85ESS-2 | E96: D85ESS-2 | F96: 9720.1 | G96: 0 | H96: 6 | I96: 0 | J96: 0 | K96: 0 | L96: 0 | M96: 0 | N96: 0 | O96: 0 | P96: 0 | Q96: 0 | R96: 0 | S96: 0 | T96: 0 | U96: 0 | V96: 16 | W96: 0 | X96: 0 | Y96: 0 | Z96: 0 | AA96: 0 | AB96: 0 | AC96: 0 | AD96: 0 | AE96: 0 | AF96: 0 | AG96: 0 | AH96: 0 | AI96: 0 | AJ96: 6 | AK96: 0 | AL96: 59 | AM96: 0.92069892 | AN96: 0.922 | AO96: PMS 250 & PMS 2000 & PMS 250 | AP96: expansi kapiler | AQ96: 307725
AP97: thermostat elektrik | AQ97: 203000
AP98: drayer3/8 | AQ98: 450000
AP99: v-belt B57 | AQ99: 132300
AP100: oli sp10. | AQ100: 313500
AQ101: =SUM(AQ96:AQ100) -> 1406525
A103: =COUNTIF(G103:AK103,"") -> 0 | B103: D85174 | D103: D85ESS-2 | E103: D85ESS-2 | F103: 7898.4 | G103: 0 | H103: 0 | I103: 0 | J103: 0 | K103: 0 | L103: 16 | M103: 0 | N103: 0 | O103: 0 | P103: 0 | Q103: 0 | R103: 0 | S103: 0 | T103: 0 | U103: 0 | V103: 0 | W103: 0 | X103: 0 | Y103: 0 | Z103: 6 | AA103: 0 | AB103: 0 | AC103: 0 | AD103: 0 | AE103: 0 | AF103: 0 | AG103: 0 | AH103: 0 | AI103: 0 | AJ103: 0 | AK103: 0 | AL103: 53 | AM103: 0.92876344 | AN103: 0.922 | AO103: PMS 4000 & PMS 250 | AP103: expansi kapiler | AQ103: 307725
AP104: thermostat elektrik | AQ104: 203000
AP105: drayer3/8 | AQ105: 450000
AP106: v-belt B57 | AQ106: 132300
AP107: oli sp10. | AQ107: 313500
AQ108: =SUM(AQ103:AQ107) -> 1406525
A110: =COUNTIF(G110:AK110,"") -> 0 | B110: D85175 | D110: D85ESS-2 | E110: D85ESS-2 | F110: 7858 | G110: 0 | H110: 0 | I110: 0 | J110: 0 | K110: 0 | L110: 0 | M110: 0 | N110: 16 | O110: 0 | P110: 0 | Q110: 0 | R110: 0 | S110: 0 | T110: 0 | U110: 0 | V110: 0 | W110: 0 | X110: 0 | Y110: 0 | Z110: 0 | AA110: 0 | AB110: 6 | AC110: 0 | AD110: 0 | AE110: 0 | AF110: 0 | AG110: 0 | AH110: 0 | AI110: 0 | AJ110: 0 | AK110: 0 | AL110: 53 | AM110: 0.92876344 | AN110: 0.922 | AO110: PMS 4000 & PMS 250 | AP110: expansi kapiler | AQ110: 307725
AP111: thermostat elektrik | AQ111: 203000
AP112: drayer3/8 | AQ112: 450000
AP113: v-belt B57 | AQ113: 132300
AP114: oli sp10. | AQ114: 313500
...

Sheet NOV 2026
AN1: PPA-F-PLANT-1b
E2: PA Forecast & Monthly Planning PM Schedule | AM2: Distribution List :
AM3: 1. Project Manager
AM4: 2. Dept Head Plant
AM5: 3. Dept Head Enginnering
B6: PT. PUTRA PERKASA ABADI | AM6: 4. Dept Head Operational
B7: SITE GIRI MULYA COAL PROJECT | AM7: CC: Logistic, GL Plant, Admint Plant.
B8: Monthly 11 Preventive Maintenance Schedule Periode NOVEMBER 2026 | AK8: 720
AJ9: 1
B10: UNIT NO | C10: LOKASI | D10: MODEL 1 | E10: MODEL 2 | F10: SMU READING 31 OKT 2023 | G10: 44652 | H10: 44653 | I10: 44654 | J10: 44655 | K10: 44656 | L10: 44657 | M10: 44658 | N10: 44659 | O10: 44660 | P10: 44661 | Q10: 44662 | R10: 44663 | S10: 44664 | T10: 44665 | U10: 44666 | V10: 44667 | W10: 44668 | X10: 44669 | Y10: 44670 | Z10: 44671 | AA10: 44672 | AB10: 44673 | AC10: 44674 | AD10: 44675 | AE10: 44676 | AF10: 44677 | AG10: 44678 | AH10: 44679 | AI10: 44680 | AJ10: 44681 | AK10: EST. TOTAL DOWN TIME (hrs) | AL10: % PA | AN10: REPAIR OPTION REQUIRED / BACKLOG | AO10: REMAKS
G12: NOV | H12: =G12 -> NOV | I12: =H12 -> NOV | J12: =I12 -> NOV | K12: =J12 -> NOV | L12: =K12 -> NOV | M12: =L12 -> NOV | N12: =M12 -> NOV | O12: =N12 -> NOV | ... AE12: =AD12 -> NOV | AF12: =AB12 -> NOV | AG12: =AF12 -> NOV | AH12: =AG12 -> NOV | AI12: =AE12 -> NOV | AJ12: =AG12 -> NOV | AL12: Monthly Forecast | AM12: Target
G13: =COUNT('OKT 2026'!G7:G308) -> 134 | H13: =COUNT('OKT 2026'!H7:H308) -> 134 | I13: =COUNT('OKT 2026'!I7:I308) -> 134 | J13: =COUNT('OKT 2026'!J7:J308) -> 135 | K13: =COUNT('OKT 2026'!K7:K308) -> 136 | L13: =COUNT('OKT 2026'!L7:L308) -> 134 | M13: =COUNT('OKT 2026'!M7:M308) -> 134 | N13: =COUNT('OKT 2026'!N7:N308) -> 134 | ... AJ13: =COUNT('OKT 2026'!AJ7:AJ308) -> 134
B14: PA UNIT A2B PRODUCTION
B15: E3401 | D15: PC3400-11M0 | E15: PC3400-11M0 | F15: 11147.9 | G15: 0 | H15: 0 | I15: 0 | J15: 0 | K15: 0 | L15: 0 | M15: 0 | N15: 0 | O15: 0 | P15: 8 | Q15: 0 | R15: 0 | S15: 0 | T15: 0 | U15: 0 | V15: 0 | W15: 0 | X15: 0 | Y15: 0 | Z15: 0 | AA15: 0 | AB15: 0 | AC15: 0 | AD15: 0 | AE15: 10 | AF15: 0 | AG15: 0 | AH15: 0 | AI15: 0 | AJ15: 0 | AK15: 48 | AL15: 0.93333333 | AM15: 0.922 | AN15: PMS 250 & PMS 500
B16: E3402 | D16: PC3400-11M0 | E16: PC3400-11M0 | F16: 8516.7 | G16: 0 | H16: 8 | I16: 0 | J16: 0 | K16: 0 | L16: 0 | M16: 0 | N16: 0 | O16: 0 | P16: 0 | Q16: 0 | R16: 0 | S16: 0 | T16: 0 | U16: 0 | V16: 0 | W16: 16 | X16: 0 | Y16: 0 | Z16: 0 | AA16: 0 | AB16: 0 | AC16: 0 | AD16: 0 | AE16: 0 | AF16: 0 | AG16: 0 | AH16: 0 | AI16: 0 | AJ16: 0 | AK16: 54 | AL16: 0.925 | AM16: 0.922 | AN16: PMS 250 & PMS 1000
B17: E3403 | D17: PC3400-11M0 | E17: PC3400-11M0 | F17: 6933 | G17: 0 | H17: 0 | I17: 0 | J17: 0 | K17: 0 | L17: 0 | M17: 16 | N17: 0 | O17: 0 | P17: 0 | Q17: 0 | R17: 0 | S17: 0 | T17: 0 | U17: 0 | V17: 0 | W17: 0 | X17: 0 | Y17: 0 | Z17: 0 | AA17: 0 | AB17: 8 | AC17: 0 | AD17: 0 | AE17: 0 | AF17: 0 | AG17: 0 | AH17: 0 | AI17: 0 | AJ17: 0 | AK17: 54 | AL17: 0.925 | AM17: 0.922 | AN17: PMS 1000 & PMS 250
B18: E2006 | D18: PC 2000-8 | E18: PC 2000-8 | F18: 45483.6 | G18: 0 | H18: 0 | I18: 0 | J18: 0 | K18: 0 | L18: 0 | M18: 0 | N18: 0 | O18: 8 | P18: 0 | Q18: 0 | R18: 0 | S18: 0 | T18: 0 | U18: 0 | V18: 0 | W18: 0 | X18: 0 | Y18: 0 | Z18: 0 | AA18: 0 | AB18: 0 | AC18: 0 | AD18: 0 | AE18: 6 | AF18: 0 | AG18: 0 | AH18: 0 | AI18: 0 | AJ18: 0 | AK18: 50 | AL18: 0.93055556 | AM18: 0.922 | AN18: PMS 500 & PMS 250
B19: E2007 | D19: PC 2000-8 | E19: PC 2000-8 | F19: 44564.9 | G19: 0 | H19: 0 | I19: 0 | J19: 6 | K19: 0 | L19: 0 | M19: 0 | N19: 0 | O19: 0 | P19: 0 | Q19: 0 | R19: 0 | S19: 0 | T19: 0 | U19: 0 | V19: 0 | W19: 0 | X19: 0 | Y19: 0 | Z19: 14 | AA19: 0 | AB19: 0 | AC19: 0 | AD19: 0 | AE19: 0 | AF19: 0 | AG19: 0 | AH19: 0 | AI19: 0 | AJ19: 0 | AK19: 56 | AL19: 0.92222222 | AM19: 0.922 | AN19: PMS 250 & PMS 1000
B20: E2008 | D20: PC 2000-8 | E20: PC 2000-8 | F20: 44279 | G20: 0 | H20: 0 | I20: 0 | J20: 0 | K20: 0 | L20: 8 | M20: 0 | N20: 0 | O20: 0 | P20: 0 | Q20: 0 | R20: 0 | S20: 0 | T20: 0 | U20: 0 | V20: 0 | W20: 0 | X20: 0 | Y20: 0 | Z20: 0 | AA20: 0 | AB20: 6 | AC20: 0 | AD20: 0 | AE20: 0 | AF20: 0 | AG20: 0 | AH20: 0 | AI20: 0 | AJ20: 0 | AK20: 50 | AL20: 0.93055556 | AM20: 0.922 | AN20: PMS 500 & PMS 250
B21: E2009 | D21: PC 2000-8 | E21: PC 2000-8 | F21: 42428.8 | G21: 0 | H21: 0 | I21: 0 | J21: 0 | K21: 0 | L21: 0 | M21: 0 | N21: 0 | O21: 0 | P21: 0 | Q21: 0 | R21: 8 | S21: 0 | T21: 0 | U21: 0 | V21: 0 | W21: 0 | X21: 0 | Y21: 0 | Z21: 0 | AA21: 0 | AB21: 0 | AC21: 0 | AD21: 0 | AE21: 0 | AF21: 0 | AG21: 0 | AH21: 6 | AI21: 0 | AJ21: 0 | AK21: 50 | AL21: 0.93055556 | AM21: 0.922 | AN21: PMS 500 & PMS 250
B22: E2010 | D22: PC 2000-8 | E22: PC 2000-8 | F22: 41349.9 | G22: 8 | H22: 0 | I22: 0 | J22: 0 | K22: 0 | L22: 0 | M22: 0 | N22: 0 | O22: 0 | P22: 0 | Q22: 0 | R22: 0 | S22: 0 | T22: 0 | U22: 0 | V22: 0 | W22: 6 | X22: 0 | Y22: 0 | Z22: 0 | AA22: 0 | AB22: 0 | AC22: 0 | AD22: 0 | AE22: 0 | AF22: 0 | AG22: 0 | AH22: 0 | AI22: 0 | AJ22: 0 | AK22: 50 | AL22: 0.93055556 | AM22: 0.922 | AN22: PMS 500 & PMS 250
B23: E2011 | D23: PC 2000-8 | E23: PC 2000-8 | F23: 42855.2 | G23: 14 | H23: 0 | I23: 0 | J23: 0 | K23: 0 | L23: 0 | M23: 0 | N23: 0 | O23: 0 | P23: 0 | Q23: 0 | R23: 0 | S23: 0 | T23: 0 | U23: 0 | V23: 0 | W23: 6 | X23: 0 | Y23: 0 | Z23: 0 | AA23: 0 | AB23: 0 | AC23: 0 | AD23: 0 | AE23: 0 | AF23: 0 | AG23: 0 | AH23: 0 | AI23: 0 | AJ23: 0 | AK23: 56 | AL23: 0.92222222 | AM23: 0.922 | AN23: PMS 1000 & PMS 250
B24: E2012 | D24: PC 2000-8 | E24: PC 2000-8 | F24: 42930 | G24: 0 | H24: 0 | I24: 0 | J24: 0 | K24: 0 | L24: 0 | M24: 0 | N24: 0 | O24: 0 | P24: 0 | Q24: 0 | R24: 14 | S24: 0 | T24: 0 | U24: 0 | V24: 0 | W24: 0 | X24: 0 | Y24: 0 | Z24: 0 | AA24: 0 | AB24: 0 | AC24: 0 | AD24: 0 | AE24: 0 | AF24: 0 | AG24: 0 | AH24: 6 | AI24: 0 | AJ24: 0 | AK24: 56 | AL24: 0.92222222 | AM24: 0.922 | AN24: PMS 1000 & PMS 250
B25: E2013 | D25: PC 2000-8 | E25: PC 2000-8 | F25: 42963 | G25: 0 | H25: 0 | I25: 0 | J25: 0 | K25: 0 | L25: 0 | M25: 0 | N25: 0 | O25: 0 | P25: 14 | Q25: 0 | R25: 0 | S25: 0 | T25: 0 | U25: 0 | V25: 0 | W25: 0 | X25: 0 | Y25: 0 | Z25: 0 | AA25: 0 | AB25: 0 | AC25: 0 | AD25: 0 | AE25: 0 | AF25: 6 | AG25: 0 | AH25: 0 | AI25: 0 | AJ25: 0 | AK25: 56 | AL25: 0.92222222 | AM25: 0.922 | AN25: PMS 1000 & PMS 250
B26: E2014 | D26: PC 2000-8 | E26: PC 2000-8 | F26: 43221 | G26: 0 | H26: 0 | I26: 0 | J26: 0 | K26: 0 | L26: 0 | M26: 0 | N26: 0 | O26: 0 | P26: 6 | Q26: 0 | R26: 0 | S26: 0 | T26: 0 | U26: 0 | V26: 0 | W26: 0 | X26: 0 | Y26: 0 | Z26: 0 | AA26: 0 | AB26: 0 | AC26: 0 | AD26: 0 | AE26: 0 | AF26: 8 | AG26: 0 | AH26: 0 | AI26: 0 | AJ26: 0 | AK26: 50 | AL26: 0.93055556 | AM26: 0.922 | AN26: PMS 250 & PMS 500
... B108: E2180 | D108: PC210-10M0 | E108: PC210-10M0 | F108: 19110.3 | G108: 6 | H108: 0 | I108: 0 | J108: 0 | K108: 0 | L108: 0 | M108: 0 | N108: 0 | O108: 0 | P108: 0 | Q108: 0 | R108: 0 | S108: 0 | T108: 0 | U108: 0 | V108: 0 | W108: 8 | X108: 0 | Y108: 0 | Z108: 0 | AA108: 0 | AB108: 0 | AC108: 0 | AD108: 0 | AE108: 0 | AF108: 0 | AG108: 0 | AH108: 0 | AI108: 0 | AJ108: 0 | AK108: 53 | AL108: 0.92638889 | AM108: 0.922 | AN108: PMS 250 & PMS 500
B109: FORECAST AC SECTION TRACK
B110: D1509 | D110: D155A-6 | E110: D155A-6 | F110: 49631 | G110: 0 | H110: 0 | I110: 0 | J110: 6 | K110: 0 | L110: 0 | M110: 0 | N110: 0 | O110: 0 | P110: 0 | Q110: 0 | R110: 0 | S110: 0 | T110: 0 | U110: 0 | V110: 0 | W110: 0 | X110: 16 | Y110: 0 | Z110: 0 | AA110: 0 | AB110: 0 | AC110: 0 | AD110: 0 | AE110: 0 | AF110: 0 | AG110: 0 | AH110: 0 | AI110: 0 | AJ110: 0 | AK110: 52 | AL110: 0.92777778 | AM110: 0.922 | AN110: PMS 250 & PMS 2000 | AO110: compresor | AP110: 2814400
AO111: m. cluth | AP111: 1530375
AO112: kondensor | AP112: 1864500
AO113: evaporator | AP113: 973500
AO114: m'blower | AP114: 1028500
AO115: expansi valeve | AP115: 504000
AO116: thermostat elektrik | AP116: 203000
AO117: drayer | AP117: 250000
AO118: v-belt b38 | AP118: 453250
AO119: 0li nd8 | AP119: 313500
AP120: =SUM(AP110:AP119) -> 9935025
B122: D1510 | D122: D155A-6 | E122: D155A-6 | F122: 47852 | G122: 0 | H122: 0 | I122: 0 | J122: 0 | K122: 16 | L122: 0 | M122: 0 | N122: 0 | O122: 0 | P122: 0 | Q122: 0 | R122: 0 | S122: 0 | T122: 0 | U122: 0 | V122: 0 | W122: 0 | X122: 0 | Y122: 6 | Z122: 0 | AA122: 0 | AB122: 0 | AC122: 0 | AD122: 0 | AE122: 0 | AF122: 0 | AG122: 0 | AH122: 0 | AI122: 0 | AJ122: 0 | AK122: 52 | AL122: 0.92777778 | AM122: 0.922 | AN122: PMS 4000 & PMS 250 | AO122: expansi valeve | AP122: 504000
AO123: thermostat elektrik | AP123: 203000
AO124: drayer | AP124: 250000
AO125: v-belt b38 | AP125: 453250
AO126: oli ND08 | AP126: 313500
AP127: =SUM(AP122:AP126) -> 1723750
B129: D1515 | D129: D155A-6 | E129: D155A-6 | F129: 47930 | G129: 16 | H129: 0 | I129: 0 | J129: 0 | K129: 0 | L129: 0 | M129: 0 | N129: 0 | O129: 0 | P129: 0 | Q129: 0 | R129: 0 | S129: 0 | T129: 0 | U129: 6 | V129: 0 | W129: 0 | X129: 0 | Y129: 0 | Z129: 0 | AA129: 0 | AB129: 0 | AC129: 0 | AD129: 0 | AE129: 0 | AF129: 0 | AG129: 0 | AH129: 0 | AI129: 8 | AJ129: 0 | AK129: 60 | AL129: 0.91666667 | AM129: 0.922 | AN129: PMS 4000 & PMS 250 & PMS 500 | AO129: expansi valeve | AP129: 504000
AO130: thermostat elektrik | AP130: 203000
AO131: drayer | AP131: 250000
AO132: v-belt b38 | AP132: 453250
AO133: oli ND08 | AP133: 313500
AP134: =SUM(AP129:AP133) -> 1723750
B136: D1518 | D136: D155A-6 | E136: D155A-6 | F136: 47450 | G136: 0 | H136: 0 | I136: 0 | J136: 0 | K136: 0 | L136: 0 | M136: 0 | N136: 0 | O136: 0 | P136: 0 | Q136: 0 | R136: 0 | S136: 0 | T136: 6 | U136: 0 | V136: 0 | W136: 0 | X136: 0 | Y136: 0 | Z136: 0 | AA136: 0 | AB136: 0 | AC136: 0 | AD136: 0 | AE136: 0 | AF136: 0 | AG136: 0 | AH136: 16 | AI136: 0 | AJ136: 0 | AK136: 52 | AL136: 0.92777778 | AM136: 0.922 | AN136: PMS 250 & PMS 4000 | AO136: kondensor | AP136: 1864500
AO137: expansi valeve | AP137: 504000
AO138: thermostat elektrik | AP138: 203000
AO139: drayer | AP139: 250000
AO140: v-belt b38 | AP140: 453250
AO141: oli ND08 | AP141: 313500
AP142: =SUM(AP136:AP141) -> 3588250
B144: D1536 | D144: D155A-6 | E144: D155A-6 | F144: 29414 | G144: 0 | H144: 8 | I144: 0 | J144: 0 | K144: 0 | L144: 0 | M144: 0 | N144: 0 | O144: 0 | P144: 0 | Q144: 0 | R144: 0 | S144: 0 | T144: 0 | U144: 0 | V144: 6 | W144: 0 | X144: 0 | Y144: 0 | Z144: 0 | AA144: 0 | AB144: 0 | AC144: 0 | AD144: 0 | AE144: 0 | AF144: 0 | AG144: 0 | AH144: 0 | AI144: 0 | AJ144: 16 | AK144: 60 | AL144: 0.91666667 | AM144: 0.922 | AN144: PMS 500 & PMS 250 & PMS 2000 | AO144: expansi valeve | AP144: 504000
AO145: thermostat elektrik | AP145: 203000
AO146: drayer | AP146: 250000
AO147: v-belt b38 | AP147: 453250
AO148: oli ND08 | AP148: 313500
AP149: =SUM(AP144:AP148) -> 1723750
B151: D5111AMM | D151: D155A-6 | E151: D155A-6 | F151: 47516 | G151: 0 | H151: 0 | I151: 0 | J151: 0 | K151: 0 | L151: 0 | M151: 0 | N151: 0 | O151: 0 | P151: 6 | Q151: 0 | R151: 0 | S151: 0 | T151: 0 | U151: 0 | V151: 0 | W151: 0 | X151: 0 | Y151: 0 | Z151: 0 | AA151: 0 | AB151: 0 | AC151: 0 | AD151: 16 | AE151: 0 | AF151: 0 | AG151: 0 | AH151: 0 | AI151: 0 | AJ151: 0 | AK151: 52 | AL151: 0.92777778 | AM151: 0.922 | AN151: PMS 250 & PMS 4000 | AO151: compresor | AP151: 2814400
AO152: m cluth | AP152: 1530375
AO153: evaporator | AP153: 973500
AO154: expansi valeve | AP154: 504000
AO155: thermostat elektrik | AP155: 203000
AO156: drayer | AP156: 250000
AO157: v-belt b38 | AP157: 453250
AO158: oli ND08 | AP158: 313500
AP159: =SUM(AP151:AP158) -> 7042025
B161: D5112AMM | D161: D155A-6 | E161: D155A-6 | F161: 41877 | G161: 0 | H161: 0 | I161: 0 | J161: 16 | K161: 0 | L161: 0 | M161: 0 | N161: 0 | O161: 0 | P161: 0 | Q161: 0 | R161: 0 | S161: 0 | T161: 0 | U161: 0 | V161: 0 | W161: 0 | X161: 6 | Y161: 0 | Z161: 0 | AA161: 0 | AB161: 0 | AC161: 0 | AD161: 0 | AE161: 0 | AF161: 0 | AG161: 0 | AH161: 0 | AI161: 0 | AJ161: 0 | AK161: 52 | AL161: 0.92777778 | AM161: 0.922 | AN161: PMS 2000 & PMS 250 | AO161: compresor | AP161: 2814400
AO162: m cluth | AP162: 1530375
AO163: evaporator | AP163: 973500
AO164: motor blower | AP164: 1028500
AO165: expansi valeve | AP165: 504000
AO166: thermostat elektrik | AP166: 203000
AO167: drayer | AP167: 250000
AO168: v-belt b38 | AP168: 453250
AO169: oli ND08 | AP169: 313500
AP170: =SUM(AP161:AP169) -> 8070525
B172: D5119AMM | D172: D155A-6 | E172: D155A-6 | F172: 37437 | G172: 0 | H172: 0 | I172: 0 | J172: 0 | K172: 0 | L172: 0 | M172: 0 | N172: 0 | O172: 0 | P172: 0 | Q172: 0 | R172: 0 | S172: 0 | T172: 6 | U172: 0 | V172: 0 | W172: 0 | X172: 0 | Y172: 0 | Z172: 0 | AA172: 0 | AB172: 0 | AC172: 0 | AD172: 0 | AE172: 0 | AF172: 0 | AG172: 0 | AH172: 16 | AI172: 0 | AJ172: 0 | AK172: 52 | AL172: 0.92777778 | AM172: 0.922 | AN172: PMS 250 & PMS 2000 | AO172: kondensor | AP172: 1864500
AO173: expansi valeve | AP173: 504000
AO174: thermostat elektrik | AP174: 203000
AO175: drayer | AP175: 250000
AO176: v-belt b38 | AP176: 453250
AO177: oli ND08 | AP177: 313500
AP178: =SUM(AP172:AP177) -> 3588250
B180: D1543 | D180: D155A-6 | E180: D155A-6 | F180: 25787 | G180: 0 | H180: 0 | I180: 0 | J180: 0 | K180: 0 | L180: 0 | M180: 0 | N180: 0 | O180: 16 | P180: 0 | Q180: 0 | R180: 0 | S180: 0 | T180: 0 | U180: 0 | V180: 0 | W180: 0 | X180: 0 | Y180: 0 | Z180: 0 | AA180: 0 | AB180: 0 | AC180: 6 | AD180: 0 | AE180: 0 | AF180: 0 | AG180: 0 | AH180: 0 | AI180: 0 | AJ180: 0 | AK180: 52 | AL180: 0.92777778 | AM180: 0.922 | AN180: PMS 2000 & PMS 250 | AO180: expansi valeve | AP180: 504000
AO181: thermostat elektrik | AP181: 203000
AO182: drayer | AP182: 250000
AO183: v-belt b38 | AP183: 453250
AO184: oli ND08 | AP184: 313500
AP185: =SUM(AP180:AP184) -> 1723750
A187: =COUNTIF(G187:AJ187,"") -> 0 | B187: D85130 | D187: D85ESS-2 | E187: D85ESS-2 | F187: 23741.7 | G187: 0 | H187: 0 | I187: 0 | J187: 0 | K187: 0 | L187: 0 | M187: 0 | N187: 0 | O187: 0 | P187: 0 | Q187: 6 | R187: 0 | S187: 0 | T187: 0 | U187: 0 | V187: 0 | W187: 0 | X187: 0 | Y187: 0 | Z187: 0 | AA187: 0 | AB187: 0 | AC187: 0 | AD187: 0 | AE187: 16 | AF187: 0 | AG187: 0 | AH187: 0 | AI187: 0 | AJ187: 0 | AK187: 52 | AL187: 0.92777778 | AM187: 0.922 | AN187: PMS 250 & PMS 4000 | AO187: expansi kapiler | AP187: 307725
AO188: thermostat elektrik | AP188: 203000
AO189: drayer 3/8 | AP189: 450000
AO190: v-beltB57 | AP190: 132300
AO191: oli sp10 | AP191: 313500
...

Sheet DES 2026
AP1: PPA-F-PLANT-1b
F2: PA Forecast & Monthly Planning PM Schedule | AO2: Distribution List :
AO3: 1. Project Manager
AO4: 2. Dept Head Plant
AO5: 3. Dept Head Enginnering
B6: PT. PUTRA PERKASA ABADI | AO6: 4. Dept Head Operational
B7: SITE GIRI MULYA COAL PROJECT | AO7: CC: Logistic, GL Plant, Admint Plant.
B8: Monthly 11 Preventive Maintenance Schedule Periode Desember 2026 | AM8: 744
AL9: 1
B10: UNIT NO | C10: LOKASI | D10: MODEL 1 | E10: MODEL | F10: SMU READING 30 NOV 2023 | G10: 1 | H10: 44653 | I10: 44654 | J10: 44655 | K10: 44656 | L10: 44657 | M10: 44658 | N10: 44659 | O10: 44660 | P10: 44661 | Q10: 44662 | R10: 44663 | S10: 44664 | T10: 44665 | U10: 44666 | V10: 44667 | W10: 44668 | X10: 44669 | Y10: 44670 | Z10: 44671 | AA10: 44672 | AB10: 44673 | AC10: 44674 | AD10: 44675 | AE10: 44676 | AF10: 44677 | AG10: 44678 | AH10: 44679 | AI10: 44680 | AJ10: 44681 | AK10: 31 | AL10: EST. TOTAL DOWN TIME (hrs) | AM10: % PA | AO10: REPAIR OPTION REQUIRED / BACKLOG | AP10: REMAKS
G12: DES | H12: =G12 -> DES | I12: =H12 -> DES | J12: =I12 -> DES | K12: =J12 -> DES | L12: =K12 -> DES | M12: =L12 -> DES | N12: =M12 -> DES | O12: =N12 -> DES | ... AE12: =AD12 -> DES | AF12: =AB12 -> DES | AG12: =AF12 -> DES | AH12: =AG12 -> DES | AI12: =AE12 -> DES | AJ12: =AG12 -> DES | AK12: =AH12 -> DES | AM12: Monthly Forecast | AN12: Target
G13: =COUNT('OKT 2026'!G7:G308) -> 134 | H13: =COUNT('OKT 2026'!H7:H308) -> 134 | I13: =COUNT('OKT 2026'!I7:I308) -> 134 | J13: =COUNT('OKT 2026'!J7:J308) -> 135 | K13: =COUNT('OKT 2026'!K7:K308) -> 136 | L13: =COUNT('OKT 2026'!L7:L308) -> 134 | M13: =COUNT('OKT 2026'!M7:M308) -> 134 | N13: =COUNT('OKT 2026'!N7:N308) -> 134 | ... AK13: =COUNT('OKT 2026'!AK7:AK308) -> 135
B14: PA UNIT A2B PRODUCTION
B15: FORECAST AC SECTION TRACK
B16: D1511 | D16: D155A-6 | E16: D155A-6 | F16: 47671.9 | G16: 0 | H16: 0 | I16: 0 | J16: 0 | K16: 0 | L16: 0 | M16: 0 | N16: 0 | O16: 0 | P16: 0 | Q16: 0 | R16: 6 | S16: 0 | T16: 0 | U16: 0 | V16: 0 | W16: 0 | X16: 0 | Y16: 0 | Z16: 0 | AA16: 0 | AB16: 0 | AC16: 0 | AD16: 0 | AE16: 0 | AF16: 16 | AG16: 0 | AH16: 0 | AI16: 0 | AJ16: 0 | AK16: 0 | AL16: 53 | AM16: 0.92876344 | AN16: 0.922 | AO16: PMS 250 & PMS 4000 | AP16: expansi valeve | AQ16: 504000
AP17: thermostat elektrik | AQ17: 203000
AP18: drayer | AQ18: 250000
AP19: v-belt 38 | AQ19: 453250
AP20: oli ND08 | AQ20: 313500
AQ21: =SUM(AQ16:AQ20) -> 1723750
B23: D1518 | D23: D155A-6 | E23: D155A-6 | F23: 47930 | G23: 0 | H23: 0 | I23: 0 | J23: 0 | K23: 0 | L23: 0 | M23: 0 | N23: 0 | O23: 0 | P23: 0 | Q23: 0 | R23: 16 | S23: 0 | T23: 0 | U23: 0 | V23: 0 | W23: 0 | X23: 0 | Y23: 0 | Z23: 0 | AA23: 0 | AB23: 0 | AC23: 0 | AD23: 0 | AE23: 0 | AF23: 6 | AG23: 0 | AH23: 0 | AI23: 0 | AJ23: 0 | AK23: 0 | AL23: 53 | AM23: 0.92876344 | AN23: 0.922 | AO23: PMS 4000 & PMS 250 | AP23: expansi valeve | AQ23: 504000
AP24: thermostat elektrik | AQ24: 203000
AP25: drayer | AQ25: 250000
AP26: v-belt 38 | AQ26: 453250
AP27: oli ND08 | AQ27: 313500
AQ28: =SUM(AQ23:AQ27) -> 1723750
B30: D1520 | D30: D155A-6 | E30: D155A-6 | F30: 45745 | G30: 0 | H30: 0 | I30: 0 | J30: 0 | K30: 0 | L30: 0 | M30: 0 | N30: 6 | O30: 0 | P30: 0 | Q30: 0 | R30: 0 | S30: 0 | T30: 0 | U30: 0 | V30: 0 | W30: 0 | X30: 0 | Y30: 0 | Z30: 0 | AA30: 0 | AB30: 16 | AC30: 0 | AD30: 0 | AE30: 0 | AF30: 0 | AG30: 0 | AH30: 0 | AI30: 0 | AJ30: 0 | AK30: 0 | AL30: 53 | AM30: 0.92876344 | AN30: 0.922 | AO30: PMS 250 & PMS 2000 | AP30: kondensor | AQ30: 1864500
AP31: expansi valeve | AQ31: 504000
AP32: thermostat elektrik | AQ32: 203000
AP33: drayer | AQ33: 250000
AP34: v-belt 38 | AQ34: 453250
AP35: oli ND08 | AQ35: 313500
AQ36: =SUM(AQ30:AQ35) -> 3588250
B38: D1536 | D38: D155A-6 | E38: D155A-6 | F38: 29894 | G38: 0 | H38: 0 | I38: 0 | J38: 0 | K38: 0 | L38: 0 | M38: 0 | N38: 0 | O38: 0 | P38: 0 | Q38: 0 | R38: 0 | S38: 0 | T38: 16 | U38: 0 | V38: 0 | W38: 0 | X38: 0 | Y38: 0 | Z38: 0 | AA38: 0 | AB38: 0 | AC38: 0 | AD38: 0 | AE38: 0 | AF38: 0 | AG38: 0 | AH38: 6 | AI38: 0 | AJ38: 0 | AK38: 0 | AL38: 53 | AM38: 0.92876344 | AN38: 0.922 | AO38: PMS 2000 & PMS 250 | AP38: expansi valeve | AQ38: 504000
AP39: thermostat elektrik | AQ39: 203000
AP40: drayer | AQ40: 250000
AP41: v-belt 38 | AQ41: 453250
AP42: oli ND08 | AQ42: 313500
AQ43: =SUM(AQ38:AQ42) -> 1723750
B45: D5111AMM | D45: D155A-6 | E45: D155A-6 | F45: 47996 | G45: 0 | H45: 0 | I45: 0 | J45: 0 | K45: 0 | L45: 0 | M45: 0 | N45: 16 | O45: 0 | P45: 0 | Q45: 0 | R45: 0 | S45: 0 | T45: 0 | U45: 0 | V45: 0 | W45: 0 | X45: 0 | Y45: 0 | Z45: 0 | AA45: 0 | AB45: 6 | AC45: 0 | AD45: 0 | AE45: 0 | AF45: 0 | AG45: 0 | AH45: 0 | AI45: 0 | AJ45: 0 | AK45: 0 | AL45: 53 | AM45: 0.92876344 | AN45: 0.922 | AO45: PMS 4000 & PMS 250 | AP45: expansi valeve | AQ45: 504000
AP46: thermostat elektrik | AQ46: 203000
AP47: drayer | AQ47: 250000
AP48: v-belt 38 | AQ48: 453250
AP49: oli ND08 | AQ49: 313500
AQ50: =SUM(AQ45:AQ49) -> 1723750
B52: D5113AMM | D52: D155A-6 | E52: D155A-6 | F52: 43850 | G52: 0 | H52: 16 | I52: 0 | J52: 0 | K52: 0 | L52: 0 | M52: 0 | N52: 0 | O52: 0 | P52: 0 | Q52: 0 | R52: 0 | S52: 0 | T52: 0 | U52: 0 | V52: 6 | W52: 0 | X52: 0 | Y52: 0 | Z52: 0 | AA52: 0 | AB52: 0 | AC52: 0 | AD52: 0 | AE52: 0 | AF52: 0 | AG52: 0 | AH52: 0 | AI52: 0 | AJ52: 8 | AK52: 0 | AL52: 61 | AM52: 0.91801075 | AN52: 0.922 | AO52: PMS 4000 & PMS 250 & PMS 500 | AP52: expansi valeve | AQ52: 504000
AP53: thermostat elektrik | AQ53: 203000
AP54: drayer | AQ54: 250000
AP55: v-belt 38 | AQ55: 453250
AP56: oli ND08 | AQ56: 313500
AQ57: =SUM(AQ52:AQ56) -> 1723750
B59: D5115AMM | D59: D155A-6 | E59: D155A-6 | F59: 41583 | G59: 0 | H59: 0 | I59: 24 | J59: 24 | K59: 24 | L59: 0 | M59: 0 | N59: 0 | O59: 0 | P59: 0 | Q59: 0 | R59: 0 | S59: 0 | T59: 0 | U59: 0 | V59: 0 | W59: 16 | X59: 0 | Y59: 0 | Z59: 0 | AA59: 0 | AB59: 0 | AC59: 0 | AD59: 0 | AE59: 0 | AF59: 0 | AG59: 0 | AH59: 0 | AI59: 0 | AJ59: 0 | AK59: 6 | AL59: 125 | AM59: 0.83198925 | AN59: 0.922 | AO59: PMS 250 & PMS 2000 & PMS 250 & SCHEDULE UCR | AP59: expansi valeve | AQ59: 504000
AP60: thermostat elektrik | AQ60: 203000
AP61: drayer | AQ61: 250000
AP62: v-belt 38 | AQ62: 453250
AP63: oli ND08 | AQ63: 313500
AQ64: =SUM(AQ59:AQ63) -> 1723750
B66: D5119AMM | D66: D155A-6 | E66: D155A-6 | F66: 37917 | G66: 0 | H66: 0 | I66: 0 | J66: 0 | K66: 0 | L66: 0 | M66: 0 | N66: 0 | O66: 0 | P66: 0 | Q66: 0 | R66: 16 | S66: 0 | T66: 0 | U66: 0 | V66: 0 | W66: 0 | X66: 0 | Y66: 0 | Z66: 0 | AA66: 0 | AB66: 0 | AC66: 0 | AD66: 0 | AE66: 0 | AF66: 6 | AG66: 0 | AH66: 0 | AI66: 0 | AJ66: 0 | AK66: 0 | AL66: 53 | AM66: 0.92876344 | AN66: 0.922 | AO66: PMS 2000 & PMS 250 | AP66: expansi valeve | AQ66: 504000
AP67: thermostat elektrik | AQ67: 203000
AP68: drayer | AQ68: 250000
AP69: v-belt 38 | AQ69: 453250
AP70: oli ND08 | AQ70: 313500
AQ71: =SUM(AQ66:AQ70) -> 1723750
B73: D1538 | D73: D155A-6 | E73: D155A-6 | F73: 27822 | G73: 0 | H73: 0 | I73: 0 | J73: 16 | K73: 0 | L73: 0 | M73: 0 | N73: 0 | O73: 0 | P73: 0 | Q73: 0 | R73: 0 | S73: 0 | T73: 0 | U73: 0 | V73: 0 | W73: 0 | X73: 6 | Y73: 0 | Z73: 0 | AA73: 0 | AB73: 0 | AC73: 0 | AD73: 0 | AE73: 0 | AF73: 0 | AG73: 0 | AH73: 0 | AI73: 0 | AJ73: 0 | AK73: 0 | AL73: 53 | AM73: 0.92876344 | AN73: 0.922 | AO73: PMS 4000 & PMS 250 | AP73: expansi valeve | AQ73: 504000
AP74: thermostat elektrik | AQ74: 203000
AP75: drayer | AQ75: 250000
AP76: v-belt 38 | AQ76: 453250
AP77: oli ND08 | AQ77: 313500
AQ78: =SUM(AQ73:AQ77) -> 1723750
B80: D1554 | D80: D155A-6 | E80: D155A-6 | F80: 23703 | G80: 0 | H80: 0 | I80: 0 | J80: 0 | K80: 0 | L80: 0 | M80: 0 | N80: 0 | O80: 0 | P80: 6 | Q80: 0 | R80: 0 | S80: 0 | T80: 0 | U80: 0 | V80: 0 | W80: 0 | X80: 0 | Y80: 0 | Z80: 0 | AA80: 0 | AB80: 0 | AC80: 0 | AD80: 16 | AE80: 0 | AF80: 0 | AG80: 0 | AH80: 0 | AI80: 0 | AJ80: 0 | AK80: 0 | AL80: 53 | AM80: 0.92876344 | AN80: 0.922 | AO80: PMS 250 & PMS 4000 | AP80: kondensor | AQ80: 1864500
AP81: expansi valeve | AQ81: 504000
AP82: thermostat elektrik | AQ82: 203000
AP83: drayer | AQ83: 250000
AP84: v-belt 38 | AQ84: 453250
AP85: oli ND08 | AQ85: 313500
AQ86: =SUM(AQ80:AQ85) -> 3588250
B88: D1555 | D88: D155A-6 | E88: D155A-6 | F88: 23597 | G88: 0 | H88: 6 | I88: 0 | J88: 0 | K88: 0 | L88: 0 | M88: 0 | N88: 0 | O88: 0 | P88: 0 | Q88: 0 | R88: 0 | S88: 0 | T88: 0 | U88: 0 | V88: 16 | W88: 0 | X88: 0 | Y88: 0 | Z88: 0 | AA88: 0 | AB88: 0 | AC88: 0 | AD88: 0 | AE88: 0 | AF88: 0 | AG88: 0 | AH88: 0 | AI88: 0 | AJ88: 6 | AK88: 0 | AL88: 59 | AM88: 0.92069892 | AN88: 0.922 | AO88: PMS 250 & PMS 4000 & PMS 250 | AP88: expansi valeve | AQ88: 504000
AP89: thermostat elektrik | AQ89: 203000
AP90: drayer | AQ90: 250000
AP91: v-belt 38 | AQ91: 453250
AP92: oli ND08 | AQ92: 313500
AQ93: =SUM(AQ88:AQ92) -> 1723750
A95: =COUNTIF(G95:AK95,"") -> 0 | B95: D85147 | D95: D85ESS-2 | E95: D85ESS-2 | F95: 23543 | G95: 0 | H95: 0 | I95: 0 | J95: 24 | K95: 24 | L95: 24 | M95: 0 | N95: 0 | O95: 0 | P95: 0 | Q95: 0 | R95: 0 | S95: 0 | T95: 0 | U95: 0 | V95: 0 | W95: 0 | X95: 0 | Y95: 16 | Z95: 0 | AA95: 0 | AB95: 0 | AC95: 0 | AD95: 0 | AE95: 0 | AF95: 0 | AG95: 0 | AH95: 0 | AI95: 0 | AJ95: 0 | AK95: 0 | AL95: 119 | AM95: 0.84005376 | AN95: 0.922 | AO95: PMS 250 & PMS 4000 & SCHEDULE UCR | AP95: expansi kapiler | AQ95: 307725
AP96: thermostat elektrik | AQ96: 203000
AP97: drayer 3/8 | AQ97: 450000
AP98: v-belt B57 | AQ98: 132300
AP99: oli sp10. | AQ99: 313500
AQ100: =SUM(AQ95:AQ99) -> 1406525
A102: =COUNTIF(G102:AK102,"") -> 0 | B102: D85183 | D102: D85ESS-2 | E102: D85ESS-2 | F102: 7708 | G102: 0 | H102: 0 | I102: 0 | J102: 0 | K102: 0 | L102: 0 | M102: 0 | N102: 0 | O102: 0 | P102: 6 | Q102: 0 | R102: 0 | S102: 0 | T102: 0 | U102: 0 | V102: 0 | W102: 0 | X102: 0 | Y102: 0 | Z102: 0 | AA102: 0 | AB102: 0 | AC102: 0 | AD102: 16 | AE102: 0 | AF102: 0 | AG102: 0 | AH102: 0 | AI102: 0 | AJ102: 0 | AK102: 0 | AL102: 53 | AM102: 0.92876344 | AN102: 0.922 | AO102: PMS 250 & PMS 4000 | AP102: expansi kapiler | AQ102: 307725
AP103: thermostat elektrik | AQ103: 203000
AP104: drayer 3/8 | AQ104: 450000
AP105: v-belt B57 | AQ105: 132300
AP106: oli sp10. | AQ106: 313500
AQ107: =SUM(AQ102:AQ106) -> 1406525
A109: =COUNTIF(G109:AK109,"") -> 0 | B109: D85184 | D109: D85ESS-2 | E109: D85ESS-2 | F109: 7764.6 | G109: 0 | H109: 0 | I109: 0 | J109: 0 | K109: 0 | L109: 0 | M109: 16 | N109: 0 | O109: 0 | P109: 0 | Q109: 0 | R109: 0 | S109: 0 | T109: 0 | U109: 0 | V109: 0 | W109: 0 | X109: 0 | Y109: 0 | Z109: 0 | AA109: 6 | AB109: 0 | AC109: 0 | AD109: 0 | AE109: 0 | AF109: 0 | AG109: 0 | AH109: 0 | AI109: 0 | AJ109: 0 | AK109: 0 | AL109: 53 | AM109: 0.92876344 | AN109: 0.922 | AO109: PMS 4000 & PMS 250 | AP109: expansi kapiler | AQ109: 307725
AP110: thermostat elektrik | AQ110: 203000
AP111: drayer 3/8 | AQ111: 450000
AP112: v-belt B57 | AQ112: 132300
AP113: oli sp10. | AQ113: 313500
AQ114: =SUM(AQ109:AQ113) -> 1406525
...
