Workbook

Sheet AMM-IPT JAN
D1: WAREHOUSE | V1: MARKETING | Z1: LOGISTICS | AD1: FINANCE | AL1: LEAD TIME | AT1: DATA TABLE DASHBOARD SPB | BI1: DASHBOARD SPB GMI AMM IPT
A2: NO | B2: TANGGAL SPB | C2: NO SPB | D2: PART NUMBER | E2: PART NAME | F2: QTY | G2: UOM | H2: STATUS SPB | I2: KODE UNIT | J2: MODEL UNIT | K2: BRAND | L2: HM | M2: PS | N2: PROBLEM/REMARK | O2: SECTION | P2: PIC GMI | Q2: PIC PPA | R2: NO WO | S2: DATE INPUT | T2: STATUS WO | U2: TGL SUBMIT SPB TO PO | V2: NO PO | W2: NO SO | X2: DATE INPUT | Y2: STATUS PO | Z2: NO DO | AA2: DATE INPUT | AB2: STATUS DO | AC2: STATUS PART | AD2: NO INVOICE | AE2: TANGGAL INVOICE | AF2: STATUS INVOICE | AG2: TANGGAL KIRIM EMAIL KE SITE | AH2: TANGGAL PAYMENT | AI2: STATUS PAYMENT | AJ2: PRICE | AK2: GRAND PRICE | AL2: LT SPB TO WO | AM2: LT WO TO SUBMIT PO | AN2: LT WO TO PO | AO2: LT PO TO DO | AP2: LT DO TO INV | AQ2: TOTAL | AS2: NO | AT2: NO SPB | AU2: TGL SPB | AV2: TGL SUBMIT SPB TO PO | AW2: NO DO | AX2: TGL DO | AY2: NO WO | AZ2: NO PO | BA2: NO SO | BB2: TGL SO | BC2: {=INDEX($AD:$AD,MATCH(AT2,$C:$C,FALSE))} -> NO INVOICE | BD2: TGL INV | BE2: TANGGAL KIRIM EMAIL KE SITE | BF2: STATUS SPB | BG2: STATUS PAYMENT | BI2: NO | BJ2: DESCRIPTION | BK2: DONE | BL2: WAITING | BM2: TOTAL
A3: =IF(C3=0,"",ROW()-ROW($A$2)) -> 1 | B3: 46025 | C3: GMIAMMIPT/2026/01/0001 | D3: 14L-0591 | E3: Expantion Valve HD785 | F3: 1 | G3: EA | H3: =IF(C3=0,"",IF(R3>0,"DONE","WAITING")) -> DONE | I3: D5140 | J3: D155A-6 | K3: Komatsu | L3: 8092 | M3: PS 4000 | N3: PS 4000 | O3: TRACK | P3: HANDRIAN | Q3: COBRA | R3: 200000986794 | S3: 46028 | T3: =IF(C3=0,"",IF(ISBLANK(S3),"WAITING","DONE")) -> DONE | U3: 46031 | V3: 9200066845 | W3: 41875 | X3: 46034 | Y3: =IF(C3=0,"",IF(V3>0,"DONE","WAITING")) -> DONE | Z3: DO 45711 | AA3: 46036 | AB3: =IF(C3=0,"",IF(Z3>0,"DONE","WAITING")) -> DONE | AD3: GMI26-0044682 | AE3: 46037 | AF3: =IF(C3=0,"",IF(ISBLANK(AD3),"WAITING","DONE")) -> DONE | AG3: 46038 | AH3: 46098 | AI3: =IF(AD3=0,"",IF(ISBLANK(AH3),"UNPAID","PAID")) -> PAID | AJ3: {=IFERROR(INDEX('[1]Master Price'!$E:$E,MATCH(D3,'[1]Master Price'!$B:$B,0)),"0")} -> 0 | AK3: =AJ3*F3 -> 0 | AL3: =IFERROR(DATEDIF(S3,T3,"d"),"0")&"-day" -> 0-day | AM3: =IFERROR(DATEDIF(S3,U3,"d"),"0")&"-day" -> 3-day | AN3: =IFERROR(DATEDIF(S3,X3,"d"),"0")&"-day" -> 6-day | AO3: =IFERROR(DATEDIF(X3,AA3,"d"),"0")&"-day" -> 2-day | AP3: =IFERROR(DATEDIF(AA3,AE3,"d"),"0")&"-day" -> 1-day | AQ3: =SUM(AL3:AP3)&"-day" -> 0-day | AS3: =IF(AT3=0,"",ROW()-ROW($AS$2)) -> 1 | AT3: GMIAMMIPT/2026/01/0001 | AU3: =_xludf.ifna(INDEX($B:$B,MATCH(AT3,$C:$C,FALSE)),"") -> #NAME? | AV3: =_xludf.ifna(INDEX($U:$U,MATCH(AT3,$C:$C,FALSE)),"") -> #NAME? | AW3: =_xludf.ifna(INDEX($Z:$Z,MATCH(AT3,$C:$C,FALSE)),"") -> #NAME? | AX3: =_xludf.ifna(INDEX($AA:$AA,MATCH(AT3,$C:$C,FALSE)),"") -> #NAME? | AY3: =IFERROR(INDEX($R:$R,MATCH(AT3,$C:$C,FALSE)),"") -> 200000986794 | AZ3: =_xludf.ifna(INDEX($V:$V,MATCH(AT3,$C:$C,FALSE)),"") -> #NAME? | BA3: =_xludf.ifna(INDEX($W:$W,MATCH(AT3,$C:$C,FALSE)),"") -> #NAME? | BB3: =_xludf.ifna(INDEX($X:$X,MATCH(AT3,$C:$C,FALSE)),"") -> #NAME? | BC3: =_xludf.ifna(INDEX($AD:$AD,MATCH(AT3,$C:$C,FALSE)),"") -> #NAME? | BD3: =_xludf.ifna(INDEX($AE:$AE,MATCH(AT3,$C:$C,FALSE)),"") -> #NAME? | BE3: =_xludf.ifna(INDEX($AG:$AG,MATCH(AT3,$C:$C,FALSE)),"") -> #NAME? | BF3: =_xludf.ifna(INDEX($T:$T,MATCH(AT3,$C:$C,FALSE),""),"") -> #NAME? | BG3: =_xludf.ifna(INDEX($AI:$AI,MATCH(AT3,$C:$C,FALSE)),"") -> #NAME? | BI3: 1 | BJ3: SPB | BK3: =IFERROR(__xludf.DUMMYFUNCTION("COUNTUNIQUEIFS(C3:C514,H3:H514,$BK$2)"),129) -> 129 | BL3: =IFERROR(__xludf.DUMMYFUNCTION("COUNTUNIQUEIFS(C3:C514,H3:H514,$BL$2)"),0) -> 0 | BM3: =SUM(BK3:BL3) -> 129
A4: =IF(C4=0,"",ROW()-ROW($A$2)) -> 2 | B4: 46025 | C4: GMIAMMIPT/2026/01/0001 | D4: 14L-0093 | E4: Receiver Drier | F4: 1 | G4: EA | H4: =IF(C4=0,"",IF(R4>0,"DONE","WAITING")) -> DONE | I4: D5140 | J4: D155A-6 | K4: Komatsu | L4: 8092 | M4: PS 4000 | N4: PS 4000 | O4: TRACK | P4: HANDRIAN | Q4: COBRA | R4: 200000986794 | S4: 46028 | T4: =IF(C4=0,"",IF(ISBLANK(S4),"WAITING","DONE")) -> DONE | U4: 46031 | V4: 9200066845 | W4: 41875 | X4: 46034 | Y4: =IF(C4=0,"",IF(V4>0,"DONE","WAITING")) -> DONE | Z4: DO 45711 | AA4: 46036 | AB4: =IF(C4=0,"",IF(Z4>0,"DONE","WAITING")) -> DONE | AD4: GMI26-0044682 | AE4: 46037 | AF4: =IF(C4=0,"",IF(ISBLANK(AD4),"WAITING","DONE")) -> DONE | AG4: 46038 | AH4: 46098 | AI4: =IF(AD4=0,"",IF(ISBLANK(AH4),"UNPAID","PAID")) -> PAID | AJ4: {=IFERROR(INDEX('[1]Master Price'!$E:$E,MATCH(D4,'[1]Master Price'!$B:$B,0)),"0")} -> 0 | AK4: =AJ4*F4 -> 0 | AL4: =IFERROR(DATEDIF(S4,T4,"d"),"0")&"-day" -> 0-day | AM4: =IFERROR(DATEDIF(S4,U4,"d"),"0")&"-day" -> 3-day | AN4: =IFERROR(DATEDIF(S4,X4,"d"),"0")&"-day" -> 6-day | AO4: =IFERROR(DATEDIF(X4,AA4,"d"),"0")&"-day" -> 2-day | AP4: =IFERROR(DATEDIF(AA4,AE4,"d"),"0")&"-day" -> 1-day | AQ4: =SUM(AL4:AP4)&"-day" -> 0-day | AS4: =IF(AT4=0,"",ROW()-ROW($AS$2)) -> 2 | AT4: GMIAMMIPT/2026/01/0002 | AU4: =_xludf.ifna(INDEX($B:$B,MATCH(AT4,$C:$C,FALSE)),"") -> #NAME? | AV4: =_xludf.ifna(INDEX($U:$U,MATCH(AT4,$C:$C,FALSE)),"") -> #NAME? | AW4: =_xludf.ifna(INDEX($Z:$Z,MATCH(AT4,$C:$C,FALSE)),"") -> #NAME? | AX4: =_xludf.ifna(INDEX($AA:$AA,MATCH(AT4,$C:$C,FALSE)),"") -> #NAME? | AY4: =IFERROR(INDEX($R:$R,MATCH(AT4,$C:$C,FALSE)),"") -> 200000986789 | AZ4: =_xludf.ifna(INDEX($V:$V,MATCH(AT4,$C:$C,FALSE)),"") -> #NAME? | BA4: =_xludf.ifna(INDEX($W:$W,MATCH(AT4,$C:$C,FALSE)),"") -> #NAME? | BB4: =_xludf.ifna(INDEX($X:$X,MATCH(AT4,$C:$C,FALSE)),"") -> #NAME? | BC4: =_xludf.ifna(INDEX($AD:$AD,MATCH(AT4,$C:$C,FALSE)),"") -> #NAME? | BD4: =_xludf.ifna(INDEX($AE:$AE,MATCH(AT4,$C:$C,FALSE)),"") -> #NAME? | BE4: =_xludf.ifna(INDEX($AG:$AG,MATCH(AT4,$C:$C,FALSE)),"") -> #NAME? | BF4: =_xludf.ifna(INDEX($T:$T,MATCH(AT4,$C:$C,FALSE),""),"") -> #NAME? | BG4: =_xludf.ifna(INDEX($AI:$AI,MATCH(AT4,$C:$C,FALSE)),"") -> #NAME? | BI4: 2 | BJ4: DO | BK4: =IFERROR(__xludf.DUMMYFUNCTION("COUNTUNIQUEIFS(C3:C514,AB3:AB514,$BK$2)"),129) -> 129 | BL4: =IFERROR(__xludf.DUMMYFUNCTION("COUNTUNIQUEIFS(C3:C514,AB3:AB514,$BL$2)"),0) -> 0 | BM4: =SUM(BK4:BL4) -> 129
A5: =IF(C5=0,"",ROW()-ROW($A$2)) -> 3 | B5: 46025 | C5: GMIAMMIPT/2026/01/0001 | D5: 14L-0143-1 | E5: Core Valve R134 | F5: 2 | G5: EA | H5: =IF(C5=0,"",IF(R5>0,"DONE","WAITING")) -> DONE | I5: D5140 | J5: D155A-6 | K5: Komatsu | L5: 8092 | M5: PS 4000 | N5: PS 4000 | O5: TRACK | P5: HANDRIAN | Q5: COBRA | R5: 200000986794 | S5: 46028 | T5: =IF(C5=0,"",IF(ISBLANK(S5),"WAITING","DONE")) -> DONE | U5: 46031 | V5: 9200066845 | W5: 41875 | X5: 46034 | Y5: =IF(C5=0,"",IF(V5>0,"DONE","WAITING")) -> DONE | Z5: DO 45711 | AA5: 46036 | AB5: =IF(C5=0,"",IF(Z5>0,"DONE","WAITING")) -> DONE | AD5: GMI26-0044682 | AE5: 46037 | AF5: =IF(C5=0,"",IF(ISBLANK(AD5),"WAITING","DONE")) -> DONE | AG5: 46038 | AH5: 46098 | AI5: =IF(AD5=0,"",IF(ISBLANK(AH5),"UNPAID","PAID")) -> PAID | AJ5: {=IFERROR(INDEX('[1]Master Price'!$E:$E,MATCH(D5,'[1]Master Price'!$B:$B,0)),"0")} -> 0 | AK5: =AJ5*F5 -> 0 | AL5: =IFERROR(DATEDIF(S5,T5,"d"),"0")&"-day" -> 0-day | AM5: =IFERROR(DATEDIF(S5,U5,"d"),"0")&"-day" -> 3-day | AN5: =IFERROR(DATEDIF(S5,X5,"d"),"0")&"-day" -> 6-day | AO5: =IFERROR(DATEDIF(X5,AA5,"d"),"0")&"-day" -> 2-day | AP5: =IFERROR(DATEDIF(AA5,AE5,"d"),"0")&"-day" -> 1-day | AQ5: =SUM(AL5:AP5)&"-day" -> 0-day | AS5: =IF(AT5=0,"",ROW()-ROW($AS$2)) -> 3 | AT5: GMIAMMIPT/2026/01/0003 | AU5: =_xludf.ifna(INDEX($B:$B,MATCH(AT5,$C:$C,FALSE)),"") -> #NAME? | AV5: =_xludf.ifna(INDEX($U:$U,MATCH(AT5,$C:$C,FALSE)),"") -> #NAME? | AW5: =_xludf.ifna(INDEX($Z:$Z,MATCH(AT5,$C:$C,FALSE)),"") -> #NAME? | AX5: =_xludf.ifna(INDEX($AA:$AA,MATCH(AT5,$C:$C,FALSE)),"") -> #NAME? | AY5: =IFERROR(INDEX($R:$R,MATCH(AT5,$C:$C,FALSE)),"") -> 200000986786 | AZ5: =_xludf.ifna(INDEX($V:$V,MATCH(AT5,$C:$C,FALSE)),"") -> #NAME? | BA5: =_xludf.ifna(INDEX($W:$W,MATCH(AT5,$C:$C,FALSE)),"") -> #NAME? | BB5: =_xludf.ifna(INDEX($X:$X,MATCH(AT5,$C:$C,FALSE)),"") -> #NAME? | BC5: =_xludf.ifna(INDEX($AD:$AD,MATCH(AT5,$C:$C,FALSE)),"") -> #NAME? | BD5: =_xludf.ifna(INDEX($AE:$AE,MATCH(AT5,$C:$C,FALSE)),"") -> #NAME? | BE5: =_xludf.ifna(INDEX($AG:$AG,MATCH(AT5,$C:$C,FALSE)),"") -> #NAME? | BF5: =_xludf.ifna(INDEX($T:$T,MATCH(AT5,$C:$C,FALSE),""),"") -> #NAME? | BG5: =_xludf.ifna(INDEX($AI:$AI,MATCH(AT5,$C:$C,FALSE)),"") -> #NAME? | BI5: 3 | BJ5: PO | BK5: =IFERROR(__xludf.DUMMYFUNCTION("COUNTUNIQUEIFS(C3:C514,Y3:Y514,$BK$2)"),129) -> 129 | BL5: =IFERROR(__xludf.DUMMYFUNCTION("COUNTUNIQUEIFS(C3:C514,Y3:Y514,$BL$2)"),0) -> 0 | BM5: =SUM(BK5:BL5) -> 129
A6: =IF(C6=0,"",ROW()-ROW($A$2)) -> 4 | B6: 46025 | C6: GMIAMMIPT/2026/01/0001 | D6: 14L-0107-2 | E6: Oil ND8 HFC134A 250 ml | F6: 1 | G6: EA | H6: =IF(C6=0,"",IF(R6>0,"DONE","WAITING")) -> DONE | I6: D5140 | J6: D155A-6 | K6: Komatsu | L6: 8092 | M6: PS 4000 | N6: PS 4000 | O6: TRACK | P6: HANDRIAN | Q6: COBRA | R6: 200000986794 | S6: 46028 | T6: =IF(C6=0,"",IF(ISBLANK(S6),"WAITING","DONE")) -> DONE | U6: 46031 | V6: 9200066845 | W6: 41875 | X6: 46034 | Y6: =IF(C6=0,"",IF(V6>0,"DONE","WAITING")) -> DONE | Z6: DO 45711 | AA6: 46036 | AB6: =IF(C6=0,"",IF(Z6>0,"DONE","WAITING")) -> DONE | AD6: GMI26-0044682 | AE6: 46037 | AF6: =IF(C6=0,"",IF(ISBLANK(AD6),"WAITING","DONE")) -> DONE | AG6: 46038 | AH6: 46098 | AI6: =IF(AD6=0,"",IF(ISBLANK(AH6),"UNPAID","PAID")) -> PAID | AJ6: {=IFERROR(INDEX('[1]Master Price'!$E:$E,MATCH(D6,'[1]Master Price'!$B:$B,0)),"0")} -> 0 | AK6: =AJ6*F6 -> 0 | AL6: =IFERROR(DATEDIF(S6,T6,"d"),"0")&"-day" -> 0-day | AM6: =IFERROR(DATEDIF(S6,U6,"d"),"0")&"-day" -> 3-day | AN6: =IFERROR(DATEDIF(S6,X6,"d"),"0")&"-day" -> 6-day | AO6: =IFERROR(DATEDIF(X6,AA6,"d"),"0")&"-day" -> 2-day | AP6: =IFERROR(DATEDIF(AA6,AE6,"d"),"0")&"-day" -> 1-day | AQ6: =SUM(AL6:AP6)&"-day" -> 0-day | AS6: =IF(AT6=0,"",ROW()-ROW($AS$2)) -> 4 | AT6: GMIAMMIPT/2026/01/0004 | AU6: =_xludf.ifna(INDEX($B:$B,MATCH(AT6,$C:$C,FALSE)),"") -> #NAME? | AV6: =_xludf.ifna(INDEX($U:$U,MATCH(AT6,$C:$C,FALSE)),"") -> #NAME? | AW6: =_xludf.ifna(INDEX($Z:$Z,MATCH(AT6,$C:$C,FALSE)),"") -> #NAME? | AX6: =_xludf.ifna(INDEX($AA:$AA,MATCH(AT6,$C:$C,FALSE)),"") -> #NAME? | AY6: =IFERROR(INDEX($R:$R,MATCH(AT6,$C:$C,FALSE)),"") -> PO BOSTON | AZ6: =_xludf.ifna(INDEX($V:$V,MATCH(AT6,$C:$C,FALSE)),"") -> #NAME? | BA6: =_xludf.ifna(INDEX($W:$W,MATCH(AT6,$C:$C,FALSE)),"") -> #NAME? | BB6: =_xludf.ifna(INDEX($X:$X,MATCH(AT6,$C:$C,FALSE)),"") -> #NAME? | BC6: =_xludf.ifna(INDEX($AD:$AD,MATCH(AT6,$C:$C,FALSE)),"") -> #NAME? | BD6: =_xludf.ifna(INDEX($AE:$AE,MATCH(AT6,$C:$C,FALSE)),"") -> #NAME? | BE6: =_xludf.ifna(INDEX($AG:$AG,MATCH(AT6,$C:$C,FALSE)),"") -> #NAME? | BF6: =_xludf.ifna(INDEX($T:$T,MATCH(AT6,$C:$C,FALSE),""),"") -> #NAME? | BG6: =_xludf.ifna(INDEX($AI:$AI,MATCH(AT6,$C:$C,FALSE)),"") -> #NAME? | BI6: 4 | BJ6: INVOICE | BK6: =IFERROR(__xludf.DUMMYFUNCTION("COUNTUNIQUEIFS(C3:C514,AF3:AF514,$BK$2)"),129) -> 129 | BL6: =IFERROR(__xludf.DUMMYFUNCTION("COUNTUNIQUEIFS(C3:C514,AF3:AF514,$BL$2)"),0) -> 0 | BM6: =SUM(BK6:BL6) -> 129
A7: =IF(C7=0,"",ROW()-ROW($A$2)) -> 5 | B7: 46025 | C7: GMIAMMIPT/2026/01/0001 | D7: 7L23-28-RD-1 | E7: Weather Proof In-Line Fuse Holder Red | F7: 1 | G7: EA | H7: =IF(C7=0,"",IF(R7>0,"DONE","WAITING")) -> DONE | I7: D5140 | J7: D155A-6 | K7: Komatsu | L7: 8092 | M7: PS 4000 | N7: PS 4000 | O7: TRACK | P7: HANDRIAN | Q7: COBRA | R7: 200000986794 | S7: 46028 | T7: =IF(C7=0,"",IF(ISBLANK(S7),"WAITING","DONE")) -> DONE | U7: 46031 | V7: 9200066845 | W7: 41875 | X7: 46034 | Y7: =IF(C7=0,"",IF(V7>0,"DONE","WAITING")) -> DONE | Z7: DO 45711 | AA7: 46036 | AB7: =IF(C7=0,"",IF(Z7>0,"DONE","WAITING")) -> DONE | AD7: GMI26-0044682 | AE7: 46037 | AF7: =IF(C7=0,"",IF(ISBLANK(AD7),"WAITING","DONE")) -> DONE | AG7: 46038 | AH7: 46098 | AI7: =IF(AD7=0,"",IF(ISBLANK(AH7),"UNPAID","PAID")) -> PAID | AJ7: {=IFERROR(INDEX('[1]Master Price'!$E:$E,MATCH(D7,'[1]Master Price'!$B:$B,0)),"0")} -> 0 | AK7: =AJ7*F7 -> 0 | AL7: =IFERROR(DATEDIF(S7,T7,"d"),"0")&"-day" -> 0-day | AM7: =IFERROR(DATEDIF(S7,U7,"d"),"0")&"-day" -> 3-day | AN7: =IFERROR(DATEDIF(S7,X7,"d"),"0")&"-day" -> 6-day | AO7: =IFERROR(DATEDIF(X7,AA7,"d"),"0")&"-day" -> 2-day | AP7: =IFERROR(DATEDIF(AA7,AE7,"d"),"0")&"-day" -> 1-day | AQ7: =SUM(AL7:AP7)&"-day" -> 0-day | AS7: =IF(AT7=0,"",ROW()-ROW($AS$2)) -> 5 | AT7: GMIAMMIPT/2026/01/0005 | AU7: =_xludf.ifna(INDEX($B:$B,MATCH(AT7,$C:$C,FALSE)),"") -> #NAME? | AV7: =_xludf.ifna(INDEX($U:$U,MATCH(AT7,$C:$C,FALSE)),"") -> #NAME? | AW7: =_xludf.ifna(INDEX($Z:$Z,MATCH(AT7,$C:$C,FALSE)),"") -> #NAME? | AX7: =_xludf.ifna(INDEX($AA:$AA,MATCH(AT7,$C:$C,FALSE)),"") -> #NAME? | AY7: =IFERROR(INDEX($R:$R,MATCH(AT7,$C:$C,FALSE)),"") -> 200000986781 | AZ7: =_xludf.ifna(INDEX($V:$V,MATCH(AT7,$C:$C,FALSE)),"") -> #NAME? | BA7: =_xludf.ifna(INDEX($W:$W,MATCH(AT7,$C:$C,FALSE)),"") -> #NAME? | BB7: =_xludf.ifna(INDEX($X:$X,MATCH(AT7,$C:$C,FALSE)),"") -> #NAME? | BC7: =_xludf.ifna(INDEX($AD:$AD,MATCH(AT7,$C:$C,FALSE)),"") -> #NAME? | BD7: =_xludf.ifna(INDEX($AE:$AE,MATCH(AT7,$C:$C,FALSE)),"") -> #NAME? | BE7: =_xludf.ifna(INDEX($AG:$AG,MATCH(AT7,$C:$C,FALSE)),"") -> #NAME? | BF7: =_xludf.ifna(INDEX($T:$T,MATCH(AT7,$C:$C,FALSE),""),"") -> #NAME? | BG7: =_xludf.ifna(INDEX($AI:$AI,MATCH(AT7,$C:$C,FALSE)),"") -> #NAME?
A8: =IF(C8=0,"",ROW()-ROW($A$2)) -> 6 | B8: 46025 | C8: GMIAMMIPT/2026/01/0001 | D8: 13L-10AFH | E8: Fuse 10A & Fuse Holder Set | F8: 1 | G8: EA | H8: =IF(C8=0,"",IF(R8>0,"DONE","WAITING")) -> DONE | I8: D5140 | J8: D155A-6 | K8: Komatsu | L8: 8092 | M8: PS 4000 | N8: PS 4000 | O8: TRACK | P8: HANDRIAN | Q8: COBRA | R8: 200000986794 | S8: 46028 | T8: =IF(C8=0,"",IF(ISBLANK(S8),"WAITING","DONE")) -> DONE | U8: 46031 | V8: 9200066845 | W8: 41875 | X8: 46034 | Y8: =IF(C8=0,"",IF(V8>0,"DONE","WAITING")) -> DONE | Z8: DO 45711 | AA8: 46036 | AB8: =IF(C8=0,"",IF(Z8>0,"DONE","WAITING")) -> DONE | AD8: GMI26-0044682 | AE8: 46037 | AF8: =IF(C8=0,"",IF(ISBLANK(AD8),"WAITING","DONE")) -> DONE | AG8: 46038 | AH8: 46098 | AI8: =IF(AD8=0,"",IF(ISBLANK(AH8),"UNPAID","PAID")) -> PAID | AJ8: {=IFERROR(INDEX('[1]Master Price'!$E:$E,MATCH(D8,'[1]Master Price'!$B:$B,0)),"0")} -> 0 | AK8: =AJ8*F8 -> 0 | AL8: =IFERROR(DATEDIF(S8,T8,"d"),"0")&"-day" -> 0-day | AM8: =IFERROR(DATEDIF(S8,U8,"d"),"0")&"-day" -> 3-day | AN8: =IFERROR(DATEDIF(S8,X8,"d"),"0")&"-day" -> 6-day | AO8: =IFERROR(DATEDIF(X8,AA8,"d"),"0")&"-day" -> 2-day | AP8: =IFERROR(DATEDIF(AA8,AE8,"d"),"0")&"-day" -> 1-day | AQ8: =SUM(AL8:AP8)&"-day" -> 0-day | AS8: =IF(AT8=0,"",ROW()-ROW($AS$2)) -> 6 | AT8: GMIAMMIPT/2026/01/0006 | AU8: =_xludf.ifna(INDEX($B:$B,MATCH(AT8,$C:$C,FALSE)),"") -> #NAME? | AV8: =_xludf.ifna(INDEX($U:$U,MATCH(AT8,$C:$C,FALSE)),"") -> #NAME? | AW8: =_xludf.ifna(INDEX($Z:$Z,MATCH(AT8,$C:$C,FALSE)),"") -> #NAME? | AX8: =_xludf.ifna(INDEX($AA:$AA,MATCH(AT8,$C:$C,FALSE)),"") -> #NAME? | AY8: =IFERROR(INDEX($R:$R,MATCH(AT8,$C:$C,FALSE)),"") -> 200000986778 | AZ8: =_xludf.ifna(INDEX($V:$V,MATCH(AT8,$C:$C,FALSE)),"") -> #NAME? | BA8: =_xludf.ifna(INDEX($W:$W,MATCH(AT8,$C:$C,FALSE)),"") -> #NAME? | BB8: =_xludf.ifna(INDEX($X:$X,MATCH(AT8,$C:$C,FALSE)),"") -> #NAME? | BC8: =_xludf.ifna(INDEX($AD:$AD,MATCH(AT8,$C:$C,FALSE)),"") -> #NAME? | BD8: =_xludf.ifna(INDEX($AE:$AE,MATCH(AT8,$C:$C,FALSE)),"") -> #NAME? | BE8: =_xludf.ifna(INDEX($AG:$AG,MATCH(AT8,$C:$C,FALSE)),"") -> #NAME? | BF8: =_xludf.ifna(INDEX($T:$T,MATCH(AT8,$C:$C,FALSE),""),"") -> #NAME? | BG8: =_xludf.ifna(INDEX($AI:$AI,MATCH(AT8,$C:$C,FALSE)),"") -> #NAME?
A9: =IF(C9=0,"",ROW()-ROW($A$2)) -> 7 | B9: 46025 | C9: GMIAMMIPT/2026/01/0001 | D9: 5L17-314-BK | E9: NITTO 21E PVC TAPE 19MM X 20M BLACK | F9: 1 | G9: EA | H9: =IF(C9=0,"",IF(R9>0,"DONE","WAITING")) -> DONE | I9: D5140 | J9: D155A-6 | K9: Komatsu | L9: 8092 | M9: PS 4000 | N9: PS 4000 | O9: TRACK | P9: HANDRIAN | Q9: COBRA | R9: 200000986794 | S9: 46028 | T9: =IF(C9=0,"",IF(ISBLANK(S9),"WAITING","DONE")) -> DONE | U9: 46031 | V9: 9200066845 | W9: 41875 | X9: 46034 | Y9: =IF(C9=0,"",IF(V9>0,"DONE","WAITING")) -> DONE | Z9: DO 45711 | AA9: 46036 | AB9: =IF(C9=0,"",IF(Z9>0,"DONE","WAITING")) -> DONE | AD9: GMI26-0044682 | AE9: 46037 | AF9: =IF(C9=0,"",IF(ISBLANK(AD9),"WAITING","DONE")) -> DONE | AG9: 46038 | AH9: 46098 | AI9: =IF(AD9=0,"",IF(ISBLANK(AH9),"UNPAID","PAID")) -> PAID | AJ9: {=IFERROR(INDEX('[1]Master Price'!$E:$E,MATCH(D9,'[1]Master Price'!$B:$B,0)),"0")} -> 0 | AK9: =AJ9*F9 -> 0 | AL9: =IFERROR(DATEDIF(S9,T9,"d"),"0")&"-day" -> 0-day | AM9: =IFERROR(DATEDIF(S9,U9,"d"),"0")&"-day" -> 3-day | AN9: =IFERROR(DATEDIF(S9,X9,"d"),"0")&"-day" -> 6-day | AO9: =IFERROR(DATEDIF(X9,AA9,"d"),"0")&"-day" -> 2-day | AP9: =IFERROR(DATEDIF(AA9,AE9,"d"),"0")&"-day" -> 1-day | AQ9: =SUM(AL9:AP9)&"-day" -> 0-day | AS9: =IF(AT9=0,"",ROW()-ROW($AS$2)) -> 7 | AT9: GMIAMMIPT/2026/01/0007 | AU9: =_xludf.ifna(INDEX($B:$B,MATCH(AT9,$C:$C,FALSE)),"") -> #NAME? | AV9: =_xludf.ifna(INDEX($U:$U,MATCH(AT9,$C:$C,FALSE)),"") -> #NAME? | AW9: =_xludf.ifna(INDEX($Z:$Z,MATCH(AT9,$C:$C,FALSE)),"") -> #NAME? | AX9: =_xludf.ifna(INDEX($AA:$AA,MATCH(AT9,$C:$C,FALSE)),"") -> #NAME? | AY9: =IFERROR(INDEX($R:$R,MATCH(AT9,$C:$C,FALSE)),"") -> 200000986774 | AZ9: =_xludf.ifna(INDEX($V:$V,MATCH(AT9,$C:$C,FALSE)),"") -> #NAME? | BA9: =_xludf.ifna(INDEX($W:$W,MATCH(AT9,$C:$C,FALSE)),"") -> #NAME? | BB9: =_xludf.ifna(INDEX($X:$X,MATCH(AT9,$C:$C,FALSE)),"") -> #NAME? | BC9: =_xludf.ifna(INDEX($AD:$AD,MATCH(AT9,$C:$C,FALSE)),"") -> #NAME? | BD9: =_xludf.ifna(INDEX($AE:$AE,MATCH(AT9,$C:$C,FALSE)),"") -> #NAME? | BE9: =_xludf.ifna(INDEX($AG:$AG,MATCH(AT9,$C:$C,FALSE)),"") -> #NAME? | BF9: =_xludf.ifna(INDEX($T:$T,MATCH(AT9,$C:$C,FALSE),""),"") -> #NAME? | BG9: =_xludf.ifna(INDEX($AI:$AI,MATCH(AT9,$C:$C,FALSE)),"") -> #NAME?
A10: =IF(C10=0,"",ROW()-ROW($A$2)) -> 8 | B10: 46025 | C10: GMIAMMIPT/2026/01/0001 | D10: 14L-0094-F | E10: THERMOSTAT FUJIN | F10: 1 | G10: EA | H10: =IF(C10=0,"",IF(R10>0,"DONE","WAITING")) -> DONE | I10: D5140 | J10: D155A-6 | K10: Komatsu | L10: 8092 | M10: PS 4000 | N10: PS 4000 | O10: TRACK | P10: HANDRIAN | Q10: COBRA | R10: 200000986794 | S10: 46028 | T10: =IF(C10=0,"",IF(ISBLANK(S10),"WAITING","DONE")) -> DONE | U10: 46031 | V10: 9200066845 | W10: 41875 | X10: 46034 | Y10: =IF(C10=0,"",IF(V10>0,"DONE","WAITING")) -> DONE | Z10: DO 45711 | AA10: 46036 | AB10: =IF(C10=0,"",IF(Z10>0,"DONE","WAITING")) -> DONE | AD10: GMI26-0044682 | AE10: 46037 | AF10: =IF(C10=0,"",IF(ISBLANK(AD10),"WAITING","DONE")) -> DONE | AG10: 46038 | AH10: 46098 | AI10: =IF(AD10=0,"",IF(ISBLANK(AH10),"UNPAID","PAID")) -> PAID | AJ10: {=IFERROR(INDEX('[1]Master Price'!$E:$E,MATCH(D10,'[1]Master Price'!$B:$B,0)),"0")} -> 0 | AK10: =AJ10*F10 -> 0 | AL10: =IFERROR(DATEDIF(S10,T10,"d"),"0")&"-day" -> 0-day | AM10: =IFERROR(DATEDIF(S10,U10,"d"),"0")&"-day" -> 3-day | AN10: =IFERROR(DATEDIF(S10,X10,"d"),"0")&"-day" -> 6-day | AO10: =IFERROR(DATEDIF(X10,AA10,"d"),"0")&"-day" -> 2-day | AP10: =IFERROR(DATEDIF(AA10,AE10,"d"),"0")&"-day" -> 1-day | AQ10: =SUM(AL10:AP10)&"-day" -> 0-day | AS10: =IF(AT10=0,"",ROW()-ROW($AS$2)) -> 8 | AT10: GMIAMMIPT/2026/01/0008 | AU10: =_xludf.ifna(INDEX($B:$B,MATCH(AT10,$C:$C,FALSE)),"") -> #NAME? | AV10: =_xludf.ifna(INDEX($U:$U,MATCH(AT10,$C:$C,FALSE)),"") -> #NAME? | AW10: =_xludf.ifna(INDEX($Z:$Z,MATCH(AT10,$C:$C,FALSE)),"") -> #NAME? | AX10: =_xludf.ifna(INDEX($AA:$AA,MATCH(AT10,$C:$C,FALSE)),"") -> #NAME? | AY10: =IFERROR(INDEX($R:$R,MATCH(AT10,$C:$C,FALSE)),"") -> 200000986769 | AZ10: =_xludf.ifna(INDEX($V:$V,MATCH(AT10,$C:$C,FALSE)),"") -> #NAME? | BA10: =_xludf.ifna(INDEX($W:$W,MATCH(AT10,$C:$C,FALSE)),"") -> #NAME? | BB10: =_xludf.ifna(INDEX($X:$X,MATCH(AT10,$C:$C,FALSE)),"") -> #NAME? | BC10: =_xludf.ifna(INDEX($AD:$AD,MATCH(AT10,$C:$C,FALSE)),"") -> #NAME? | BD10: =_xludf.ifna(INDEX($AE:$AE,MATCH(AT10,$C:$C,FALSE)),"") -> #NAME? | BE10: =_xludf.ifna(INDEX($AG:$AG,MATCH(AT10,$C:$C,FALSE)),"") -> #NAME? | BF10: =_xludf.ifna(INDEX($T:$T,MATCH(AT10,$C:$C,FALSE),""),"") -> #NAME? | BG10: =_xludf.ifna(INDEX($AI:$AI,MATCH(AT10,$C:$C,FALSE)),"") -> #NAME?
A11: =IF(C11=0,"",ROW()-ROW($A$2)) -> 9 | B11: 46025 | C11: GMIAMMIPT/2026/01/0001 | D11: 7L64-WP | E11: Relay Holder Tanpa Pin | F11: 2 | G11: EA | H11: =IF(C11=0,"",IF(R11>0,"DONE","WAITING")) -> DONE | I11: D5140 | J11: D155A-6 | K11: Komatsu | L11: 8092 | M11: PS 4000 | N11: PS 4000 | O11: TRACK | P11: HANDRIAN | Q11: COBRA | R11: 200000986794 | S11: 46028 | T11: =IF(C11=0,"",IF(ISBLANK(S11),"WAITING","DONE")) -> DONE | U11: 46031 | V11: 9200066845 | W11: 41875 | X11: 46034 | Y11: =IF(C11=0,"",IF(V11>0,"DONE","WAITING")) -> DONE | Z11: DO 45711 | AA11: 46036 | AB11: =IF(C11=0,"",IF(Z11>0,"DONE","WAITING")) -> DONE | AD11: GMI26-0044682 | AE11: 46037 | AF11: =IF(C11=0,"",IF(ISBLANK(AD11),"WAITING","DONE")) -> DONE | AG11: 46038 | AH11: 46098 | AI11: =IF(AD11=0,"",IF(ISBLANK(AH11),"UNPAID","PAID")) -> PAID | AJ11: {=IFERROR(INDEX('[1]Master Price'!$E:$E,MATCH(D11,'[1]Master Price'!$B:$B,0)),"0")} -> 0 | AK11: =AJ11*F11 -> 0 | AL11: =IFERROR(DATEDIF(S11,T11,"d"),"0")&"-day" -> 0-day | AM11: =IFERROR(DATEDIF(S11,U11,"d"),"0")&"-day" -> 3-day | AN11: =IFERROR(DATEDIF(S11,X11,"d"),"0")&"-day" -> 6-day | AO11: =IFERROR(DATEDIF(X11,AA11,"d"),"0")&"-day" -> 2-day | AP11: =IFERROR(DATEDIF(AA11,AE11,"d"),"0")&"-day" -> 1-day | AQ11: =SUM(AL11:AP11)&"-day" -> 0-day | AS11: =IF(AT11=0,"",ROW()-ROW($AS$2)) -> 9 | AT11: GMIAMMIPT/2026/01/0009 | AU11: =_xludf.ifna(INDEX($B:$B,MATCH(AT11,$C:$C,FALSE)),"") -> #NAME? | AV11: =_xludf.ifna(INDEX($U:$U,MATCH(AT11,$C:$C,FALSE)),"") -> #NAME? | AW11: =_xludf.ifna(INDEX($Z:$Z,MATCH(AT11,$C:$C,FALSE)),"") -> #NAME? | AX11: =_xludf.ifna(INDEX($AA:$AA,MATCH(AT11,$C:$C,FALSE)),"") -> #NAME? | AY11: =IFERROR(INDEX($R:$R,MATCH(AT11,$C:$C,FALSE)),"") -> 200000986767 | AZ11: =_xludf.ifna(INDEX($V:$V,MATCH(AT11,$C:$C,FALSE)),"") -> #NAME? | BA11: =_xludf.ifna(INDEX($W:$W,MATCH(AT11,$C:$C,FALSE)),"") -> #NAME? | BB11: =_xludf.ifna(INDEX($X:$X,MATCH(AT11,$C:$C,FALSE)),"") -> #NAME? | BC11: =_xludf.ifna(INDEX($AD:$AD,MATCH(AT11,$C:$C,FALSE)),"") -> #NAME? | BD11: =_xludf.ifna(INDEX($AE:$AE,MATCH(AT11,$C:$C,FALSE)),"") -> #NAME? | BE11: =_xludf.ifna(INDEX($AG:$AG,MATCH(AT11,$C:$C,FALSE)),"") -> #NAME? | BF11: =_xludf.ifna(INDEX($T:$T,MATCH(AT11,$C:$C,FALSE),""),"") -> #NAME? | BG11: =_xludf.ifna(INDEX($AI:$AI,MATCH(AT11,$C:$C,FALSE)),"") -> #NAME?
A12: =IF(C12=0,"",ROW()-ROW($A$2)) -> 10 | B12: 46025 | C12: GMIAMMIPT/2026/01/0002 | D12: 6L1-48-1 | E12: Vinyl Fully Insulated Female Blade Terminal blue 4mm | F12: 10 | G12: EA | H12: =IF(C12=0,"",IF(R12>0,"DONE","WAITING")) -> DONE | I12: E3902 | J12: CAT 395 | K12: Caterpillar | N12: AC HOT | O12: TRACK | P12: AZIZ | Q12: IMAM | R12: 200000986789 | S12: 46028 | T12: =IF(C12=0,"",IF(ISBLANK(S12),"WAITING","DONE")) -> DONE | U12: 46031 | V12: 9200066826 | W12: 41883 | X12: 46034 | Y12: =IF(C12=0,"",IF(V12>0,"DONE","WAITING")) -> DONE | Z12: DO 45721 | AA12: 46036 | AB12: =IF(C12=0,"",IF(Z12>0,"DONE","WAITING")) -> DONE | AD12: GMI26-0044683 | AE12: 46037 | AF12: =IF(C12=0,"",IF(ISBLANK(AD12),"WAITING","DONE")) -> DONE | AG12: 46038 | AH12: 46098 | AI12: =IF(AD12=0,"",IF(ISBLANK(AH12),"UNPAID","PAID")) -> PAID | AJ12: {=IFERROR(INDEX('[1]Master Price'!$E:$E,MATCH(D12,'[1]Master Price'!$B:$B,0)),"0")} -> 0 | AK12: =AJ12*F12 -> 0 | AL12: =IFERROR(DATEDIF(S12,T12,"d"),"0")&"-day" -> 0-day | AM12: =IFERROR(DATEDIF(S12,U12,"d"),"0")&"-day" -> 3-day | AN12: =IFERROR(DATEDIF(S12,X12,"d"),"0")&"-day" -> 6-day | AO12: =IFERROR(DATEDIF(X12,AA12,"d"),"0")&"-day" -> 2-day | AP12: =IFERROR(DATEDIF(AA12,AE12,"d"),"0")&"-day" -> 1-day | AQ12: =SUM(AL12:AP12)&"-day" -> 0-day | AS12: =IF(AT12=0,"",ROW()-ROW($AS$2)) -> 10 | AT12: GMIAMMIPT/2026/01/0010 | AU12: =_xludf.ifna(INDEX($B:$B,MATCH(AT12,$C:$C,FALSE)),"") -> #NAME? | AV12: =_xludf.ifna(INDEX($U:$U,MATCH(AT12,$C:$C,FALSE)),"") -> #NAME? | AW12: =_xludf.ifna(INDEX($Z:$Z,MATCH(AT12,$C:$C,FALSE)),"") -> #NAME? | AX12: =_xludf.ifna(INDEX($AA:$AA,MATCH(AT12,$C:$C,FALSE)),"") -> #NAME? | AY12: =IFERROR(INDEX($R:$R,MATCH(AT12,$C:$C,FALSE)),"") -> 200000986766 | AZ12: =_xludf.ifna(INDEX($V:$V,MATCH(AT12,$C:$C,FALSE)),"") -> #NAME? | BA12: =_xludf.ifna(INDEX($W:$W,MATCH(AT12,$C:$C,FALSE)),"") -> #NAME? | BB12: =_xludf.ifna(INDEX($X:$X,MATCH(AT12,$C:$C,FALSE)),"") -> #NAME? | BC12: =_xludf.ifna(INDEX($AD:$AD,MATCH(AT12,$C:$C,FALSE)),"") -> #NAME? | BD12: =_xludf.ifna(INDEX($AE:$AE,MATCH(AT12,$C:$C,FALSE)),"") -> #NAME? | BE12: =_xludf.ifna(INDEX($AG:$AG,MATCH(AT12,$C:$C,FALSE)),"") -> #NAME? | BF12: =_xludf.ifna(INDEX($T:$T,MATCH(AT12,$C:$C,FALSE),""),"") -> #NAME? | BG12: =_xludf.ifna(INDEX($AI:$AI,MATCH(AT12,$C:$C,FALSE)),"") -> #NAME?
A13: =IF(C13=0,"",ROW()-ROW($A$2)) -> 11 | B13: 46025 | C13: GMIAMMIPT/2026/01/0002 | D13: 14L-0094-F | E13: THERMOSTAT FUJIN | F13: 1 | G13: EA | H13: =IF(C13=0,"",IF(R13>0,"DONE","WAITING")) -> DONE | I13: E3902 | J13: CAT 395 | K13: Caterpillar | N13: AC HOT | O13: TRACK | P13: AZIZ | Q13: IMAM | R13: 200000986789 | S13: 46028 | T13: =IF(C13=0,"",IF(ISBLANK(S13),"WAITING","DONE")) -> DONE | U13: 46031 | V13: 9200066826 | W13: 41883 | X13: 46034 | Y13: =IF(C13=0,"",IF(V13>0,"DONE","WAITING")) -> DONE | Z13: DO 45721 | AA13: 46036 | AB13: =IF(C13=0,"",IF(Z13>0,"DONE","WAITING")) -> DONE | AD13: GMI26-0044683 | AE13: 46037 | AF13: =IF(C13=0,"",IF(ISBLANK(AD13),"WAITING","DONE")) -> DONE | AG13: 46038 | AH13: 46098 | AI13: =IF(AD13=0,"",IF(ISBLANK(AH13),"UNPAID","PAID")) -> PAID | AJ13: {=IFERROR(INDEX('[1]Master Price'!$E:$E,MATCH(D13,'[1]Master Price'!$B:$B,0)),"0")} -> 0 | AK13: =AJ13*F13 -> 0 | AL13: =IFERROR(DATEDIF(S13,T13,"d"),"0")&"-day" -> 0-day | AM13: =IFERROR(DATEDIF(S13,U13,"d"),"0")&"-day" -> 3-day | AN13: =IFERROR(DATEDIF(S13,X13,"d"),"0")&"-day" -> 6-day | AO13: =IFERROR(DATEDIF(X13,AA13,"d"),"0")&"-day" -> 2-day | AP13: =IFERROR(DATEDIF(AA13,AE13,"d"),"0")&"-day" -> 1-day | AQ13: =SUM(AL13:AP13)&"-day" -> 0-day | AS13: =IF(AT13=0,"",ROW()-ROW($AS$2)) -> 11 | AT13: GMIAMMIPT/2026/01/0011 | AU13: =_xludf.ifna(INDEX($B:$B,MATCH(AT13,$C:$C,FALSE)),"") -> #NAME? | AV13: =_xludf.ifna(INDEX($U:$U,MATCH(AT13,$C:$C,FALSE)),"") -> #NAME? | AW13: =_xludf.ifna(INDEX($Z:$Z,MATCH(AT13,$C:$C,FALSE)),"") -> #NAME? | AX13: =_xludf.ifna(INDEX($AA:$AA,MATCH(AT13,$C:$C,FALSE)),"") -> #NAME? | AY13: =IFERROR(INDEX($R:$R,MATCH(AT13,$C:$C,FALSE)),"") -> 200000986763 | AZ13: =_xludf.ifna(INDEX($V:$V,MATCH(AT13,$C:$C,FALSE)),"") -> #NAME? | BA13: =_xludf.ifna(INDEX($W:$W,MATCH(AT13,$C:$C,FALSE)),"") -> #NAME? | BB13: =_xludf.ifna(INDEX($X:$X,MATCH(AT13,$C:$C,FALSE)),"") -> #NAME? | BC13: =_xludf.ifna(INDEX($AD:$AD,MATCH(AT13,$C:$C,FALSE)),"") -> #NAME? | BD13: =_xludf.ifna(INDEX($AE:$AE,MATCH(AT13,$C:$C,FALSE)),"") -> #NAME? | BE13: =_xludf.ifna(INDEX($AG:$AG,MATCH(AT13,$C:$C,FALSE)),"") -> #NAME? | BF13: =_xludf.ifna(INDEX($T:$T,MATCH(AT13,$C:$C,FALSE),""),"") -> #NAME? | BG13: =_xludf.ifna(INDEX($AI:$AI,MATCH(AT13,$C:$C,FALSE)),"") -> #NAME?
A14: =IF(C14=0,"",ROW()-ROW($A$2)) -> 12 | B14: 46025 | C14: GMIAMMIPT/2026/01/0002 | D14: 5L17-187-BK | E14: Cable Ties width: 4.8mm, length: 380mm Black (pack 0f 100) | F14: 1 | G14: EA | H14: =IF(C14=0,"",IF(R14>0,"DONE","WAITING")) -> DONE | I14: E3902 | J14: CAT 395 | K14: Caterpillar | N14: AC HOT | O14: TRACK | P14: AZIZ | Q14: IMAM | R14: 200000986789 | S14: 46028 | T14: =IF(C14=0,"",IF(ISBLANK(S14),"WAITING","DONE")) -> DONE | U14: 46031 | V14: 9200066826 | W14: 41883 | X14: 46034 | Y14: =IF(C14=0,"",IF(V14>0,"DONE","WAITING")) -> DONE | Z14: DO 45721 | AA14: 46036 | AB14: =IF(C14=0,"",IF(Z14>0,"DONE","WAITING")) -> DONE | AD14: GMI26-0044683 | AE14: 46037 | AF14: =IF(C14=0,"",IF(ISBLANK(AD14),"WAITING","DONE")) -> DONE | AG14: 46038 | AH14: 46098 | AI14: =IF(AD14=0,"",IF(ISBLANK(AH14),"UNPAID","PAID")) -> PAID | AJ14: {=IFERROR(INDEX('[1]Master Price'!$E:$E,MATCH(D14,'[1]Master Price'!$B:$B,0)),"0")} -> 0 | AK14: =AJ14*F14 -> 0 | AL14: =IFERROR(DATEDIF(S14,T14,"d"),"0")&"-day" -> 0-day | AM14: =IFERROR(DATEDIF(S14,U14,"d"),"0")&"-day" -> 3-day | AN14: =IFERROR(DATEDIF(S14,X14,"d"),"0")&"-day" -> 6-day | AO14: =IFERROR(DATEDIF(X14,AA14,"d"),"0")&"-day" -> 2-day | AP14: =IFERROR(DATEDIF(AA14,AE14,"d"),"0")&"-day" -> 1-day | AQ14: =SUM(AL14:AP14)&"-day" -> 0-day | AS14: =IF(AT14=0,"",ROW()-ROW($AS$2)) -> 12 | AT14: GMIAMMIPT/2026/01/0012 | AU14: =_xludf.ifna(INDEX($B:$B,MATCH(AT14,$C:$C,FALSE)),"") -> #NAME? | AV14: =_xludf.ifna(INDEX($U:$U,MATCH(AT14,$C:$C,FALSE)),"") -> #NAME? | AW14: =_xludf.ifna(INDEX($Z:$Z,MATCH(AT14,$C:$C,FALSE)),"") -> #NAME? | AX14: =_xludf.ifna(INDEX($AA:$AA,MATCH(AT14,$C:$C,FALSE)),"") -> #NAME? | AY14: =IFERROR(INDEX($R:$R,MATCH(AT14,$C:$C,FALSE)),"") -> 200000986759 | AZ14: =_xludf.ifna(INDEX($V:$V,MATCH(AT14,$C:$C,FALSE)),"") -> #NAME? | BA14: =_xludf.ifna(INDEX($W:$W,MATCH(AT14,$C:$C,FALSE)),"") -> #NAME? | BB14: =_xludf.ifna(INDEX($X:$X,MATCH(AT14,$C:$C,FALSE)),"") -> #NAME? | BC14: =_xludf.ifna(INDEX($AD:$AD,MATCH(AT14,$C:$C,FALSE)),"") -> #NAME? | BD14: =_xludf.ifna(INDEX($AE:$AE,MATCH(AT14,$C:$C,FALSE)),"") -> #NAME? | BE14: =_xludf.ifna(INDEX($AG:$AG,MATCH(AT14,$C:$C,FALSE)),"") -> #NAME? | BF14: =_xludf.ifna(INDEX($T:$T,MATCH(AT14,$C:$C,FALSE),""),"") -> #NAME? | BG14: =_xludf.ifna(INDEX($AI:$AI,MATCH(AT14,$C:$C,FALSE)),"") -> #NAME?
A15: =IF(C15=0,"",ROW()-ROW($A$2)) -> 13 | B15: 46025 | C15: GMIAMMIPT/2026/01/0003 | D15: 7L23-27 | E15: Weather Proof In-Line Fuse Holder (pack of 1) | F15: 2 | G15: EA | H15: =IF(C15=0,"",IF(R15>0,"DONE","WAITING")) -> DONE | I15: SV521 | J15: SV700TF | K15: Sakai | L15: 6307 | N15: AC HOT | O15: WHEEL | P15: DHIMAS | Q15: WAHYUDIN | R15: 200000986786 | S15: 46028 | T15: =IF(C15=0,"",IF(ISBLANK(S15),"WAITING","DONE")) -> DONE | U15: 46031 | V15: 9200066841 | W15: 41879 | X15: 46034 | Y15: =IF(C15=0,"",IF(V15>0,"DONE","WAITING")) -> DONE | Z15: DO 45715 | AA15: 46036 | AB15: =IF(C15=0,"",IF(Z15>0,"DONE","WAITING")) -> DONE | AD15: GMI26-0044684 | AE15: 46037 | AF15: =IF(C15=0,"",IF(ISBLANK(AD15),"WAITING","DONE")) -> DONE | AG15: 46038 | AH15: 46098 | AI15: =IF(AD15=0,"",IF(ISBLANK(AH15),"UNPAID","PAID")) -> PAID | AJ15: {=IFERROR(INDEX('[1]Master Price'!$E:$E,MATCH(D15,'[1]Master Price'!$B:$B,0)),"0")} -> 0 | AK15: =AJ15*F15 -> 0 | AL15: =IFERROR(DATEDIF(S15,T15,"d"),"0")&"-day" -> 0-day | AM15: =IFERROR(DATEDIF(S15,U15,"d"),"0")&"-day" -> 3-day | AN15: =IFERROR(DATEDIF(S15,X15,"d"),"0")&"-day" -> 6-day | AO15: =IFERROR(DATEDIF(X15,AA15,"d"),"0")&"-day" -> 2-day | AP15: =IFERROR(DATEDIF(AA15,AE15,"d"),"0")&"-day" -> 1-day | AQ15: =SUM(AL15:AP15)&"-day" -> 0-day | AS15: =IF(AT15=0,"",ROW()-ROW($AS$2)) -> 13 | AT15: GMIAMMIPT/2026/01/0013 | AU15: =_xludf.ifna(INDEX($B:$B,MATCH(AT15,$C:$C,FALSE)),"") -> #NAME? | AV15: =_xludf.ifna(INDEX($U:$U,MATCH(AT15,$C:$C,FALSE)),"") -> #NAME? | AW15: =_xludf.ifna(INDEX($Z:$Z,MATCH(AT15,$C:$C,FALSE)),"") -> #NAME? | AX15: =_xludf.ifna(INDEX($AA:$AA,MATCH(AT15,$C:$C,FALSE)),"") -> #NAME? | AY15: =IFERROR(INDEX($R:$R,MATCH(AT15,$C:$C,FALSE)),"") -> 200000986757 | AZ15: =_xludf.ifna(INDEX($V:$V,MATCH(AT15,$C:$C,FALSE)),"") -> #NAME? | BA15: =_xludf.ifna(INDEX($W:$W,MATCH(AT15,$C:$C,FALSE)),"") -> #NAME? | BB15: =_xludf.ifna(INDEX($X:$X,MATCH(AT15,$C:$C,FALSE)),"") -> #NAME? | BC15: =_xludf.ifna(INDEX($AD:$AD,MATCH(AT15,$C:$C,FALSE)),"") -> #NAME? | BD15: =_xludf.ifna(INDEX($AE:$AE,MATCH(AT15,$C:$C,FALSE)),"") -> #NAME? | BE15: =_xludf.ifna(INDEX($AG:$AG,MATCH(AT15,$C:$C,FALSE)),"") -> #NAME? | BF15: =_xludf.ifna(INDEX($T:$T,MATCH(AT15,$C:$C,FALSE),""),"") -> #NAME? | BG15: =_xludf.ifna(INDEX($AI:$AI,MATCH(AT15,$C:$C,FALSE)),"") -> #NAME?
A16: =IF(C16=0,"",ROW()-ROW($A$2)) -> 14 | B16: 46025 | C16: GMIAMMIPT/2026/01/0003 | D16: 7L64-WP | E16: Relay Holder Tanpa Pin | F16: 2 | G16: EA | H16: =IF(C16=0,"",IF(R16>0,"DONE","WAITING")) -> DONE | I16: SV521 | J16: SV700TF | K16: Sakai | L16: 6307 | N16: AC HOT | O16: WHEEL | P16: DHIMAS | Q16: WAHYUDIN | R16: 200000986786 | S16: 46028 | T16: =IF(C16=0,"",IF(ISBLANK(S16),"WAITING","DONE")) -> DONE | U16: 46031 | V16: 9200066841 | W16: 41879 | X16: 46034 | Y16: =IF(C16=0,"",IF(V16>0,"DONE","WAITING")) -> DONE | Z16: DO 45715 | AA16: 46036 | AB16: =IF(C16=0,"",IF(Z16>0,"DONE","WAITING")) -> DONE | AD16: GMI26-0044684 | AE16: 46037 | AF16: =IF(C16=0,"",IF(ISBLANK(AD16),"WAITING","DONE")) -> DONE | AG16: 46038 | AH16: 46098 | AI16: =IF(AD16=0,"",IF(ISBLANK(AH16),"UNPAID","PAID")) -> PAID | AJ16: {=IFERROR(INDEX('[1]Master Price'!$E:$E,MATCH(D16,'[1]Master Price'!$B:$B,0)),"0")} -> 0 | AK16: =AJ16*F16 -> 0 | AL16: =IFERROR(DATEDIF(S16,T16,"d"),"0")&"-day" -> 0-day | AM16: =IFERROR(DATEDIF(S16,U16,"d"),"0")&"-day" -> 3-day | AN16: =IFERROR(DATEDIF(S16,X16,"d"),"0")&"-day" -> 6-day | AO16: =IFERROR(DATEDIF(X16,AA16,"d"),"0")&"-day" -> 2-day | AP16: =IFERROR(DATEDIF(AA16,AE16,"d"),"0")&"-day" -> 1-day | AQ16: =SUM(AL16:AP16)&"-day" -> 0-day | AS16: =IF(AT16=0,"",ROW()-ROW($AS$2)) -> 14 | AT16: GMIAMMIPT/2026/01/0979 | AU16: =_xludf.ifna(INDEX($B:$B,MATCH(AT16,$C:$C,FALSE)),"") -> #NAME? | AV16: =_xludf.ifna(INDEX($U:$U,MATCH(AT16,$C:$C,FALSE)),"") -> #NAME? | AW16: =_xludf.ifna(INDEX($Z:$Z,MATCH(AT16,$C:$C,FALSE)),"") -> #NAME? | AX16: =_xludf.ifna(INDEX($AA:$AA,MATCH(AT16,$C:$C,FALSE)),"") -> #NAME? | AY16: =IFERROR(INDEX($R:$R,MATCH(AT16,$C:$C,FALSE)),"") -> 200000988561 | AZ16: =_xludf.ifna(INDEX($V:$V,MATCH(AT16,$C:$C,FALSE)),"") -> #NAME? | BA16: =_xludf.ifna(INDEX($W:$W,MATCH(AT16,$C:$C,FALSE)),"") -> #NAME? | BB16: =_xludf.ifna(INDEX($X:$X,MATCH(AT16,$C:$C,FALSE)),"") -> #NAME? | BC16: =_xludf.ifna(INDEX($AD:$AD,MATCH(AT16,$C:$C,FALSE)),"") -> #NAME? | BD16: =_xludf.ifna(INDEX($AE:$AE,MATCH(AT16,$C:$C,FALSE)),"") -> #NAME? | BE16: =_xludf.ifna(INDEX($AG:$AG,MATCH(AT16,$C:$C,FALSE)),"") -> #NAME? | BF16: =_xludf.ifna(INDEX($T:$T,MATCH(AT16,$C:$C,FALSE),""),"") -> #NAME? | BG16: =_xludf.ifna(INDEX($AI:$AI,MATCH(AT16,$C:$C,FALSE)),"") -> #NAME?
A17: =IF(C17=0,"",ROW()-ROW($A$2)) -> 15 | B17: 46025 | C17: GMIAMMIPT/2026/01/0003 | D17: 6L1-16-1 | E17: Vinyl Insulated Male Blade Terminal blue 4mm | F17: 10 | G17: EA | H17: =IF(C17=0,"",IF(R17>0,"DONE","WAITING")) -> DONE | I17: SV521 | J17: SV700TF | K17: Sakai | L17: 6307 | N17: AC HOT | O17: WHEEL | P17: DHIMAS | Q17: WAHYUDIN | R17: 200000986786 | S17: 46028 | T17: =IF(C17=0,"",IF(ISBLANK(S17),"WAITING","DONE")) -> DONE | U17: 46031 | V17: 9200066841 | W17: 41879 | X17: 46034 | Y17: =IF(C17=0,"",IF(V17>0,"DONE","WAITING")) -> DONE | Z17: DO 45715 | AA17: 46036 | AB17: =IF(C17=0,"",IF(Z17>0,"DONE","WAITING")) -> DONE | AD17: GMI26-0044684 | AE17: 46037 | AF17: =IF(C17=0,"",IF(ISBLANK(AD17),"WAITING","DONE")) -> DONE | AG17: 46038 | AH17: 46098 | AI17: =IF(AD17=0,"",IF(ISBLANK(AH17),"UNPAID","PAID")) -> PAID | AJ17: {=IFERROR(INDEX('[1]Master Price'!$E:$E,MATCH(D17,'[1]Master Price'!$B:$B,0)),"0")} -> 0 | AK17: =AJ17*F17 -> 0 | AL17: =IFERROR(DATEDIF(S17,T17,"d"),"0")&"-day" -> 0-day | AM17: =IFERROR(DATEDIF(S17,U17,"d"),"0")&"-day" -> 3-day | AN17: =IFERROR(DATEDIF(S17,X17,"d"),"0")&"-day" -> 6-day | AO17: =IFERROR(DATEDIF(X17,AA17,"d"),"0")&"-day" -> 2-day | AP17: =IFERROR(DATEDIF(AA17,AE17,"d"),"0")&"-day" -> 1-day | AQ17: =SUM(AL17:AP17)&"-day" -> 0-day | AS17: =IF(AT17=0,"",ROW()-ROW($AS$2)) -> 15 | AT17: GMIAMMIPT/2026/01/0980 | AU17: =_xludf.ifna(INDEX($B:$B,MATCH(AT17,$C:$C,FALSE)),"") -> #NAME? | AV17: =_xludf.ifna(INDEX($U:$U,MATCH(AT17,$C:$C,FALSE)),"") -> #NAME? | AW17: =_xludf.ifna(INDEX($Z:$Z,MATCH(AT17,$C:$C,FALSE)),"") -> #NAME? | AX17: =_xludf.ifna(INDEX($AA:$AA,MATCH(AT17,$C:$C,FALSE)),"") -> #NAME? | AY17: =IFERROR(INDEX($R:$R,MATCH(AT17,$C:$C,FALSE)),"") -> 200000988562 | AZ17: =_xludf.ifna(INDEX($V:$V,MATCH(AT17,$C:$C,FALSE)),"") -> #NAME? | BA17: =_xludf.ifna(INDEX($W:$W,MATCH(AT17,$C:$C,FALSE)),"") -> #NAME? | BB17: =_xludf.ifna(INDEX($X:$X,MATCH(AT17,$C:$C,FALSE)),"") -> #NAME? | BC17: =_xludf.ifna(INDEX($AD:$AD,MATCH(AT17,$C:$C,FALSE)),"") -> #NAME? | BD17: =_xludf.ifna(INDEX($AE:$AE,MATCH(AT17,$C:$C,FALSE)),"") -> #NAME? | BE17: =_xludf.ifna(INDEX($AG:$AG,MATCH(AT17,$C:$C,FALSE)),"") -> #NAME? | BF17: =_xludf.ifna(INDEX($T:$T,MATCH(AT17,$C:$C,FALSE),""),"") -> #NAME? | BG17: =_xludf.ifna(INDEX($AI:$AI,MATCH(AT17,$C:$C,FALSE)),"") -> #NAME?
A18: =IF(C18=0,"",ROW()-ROW($A$2)) -> 16 | B18: 46025 | C18: GMIAMMIPT/2026/01/0003 | D18: 6L1-112-1 | E18: Vinyl Insulated Ring Terminal blue 4mm | F18: 10 | G18: EA | H18: =IF(C18=0,"",IF(R18>0,"DONE","WAITING")) -> DONE | I18: SV521 | J18: SV700TF | K18: Sakai | L18: 6307 | N18: AC HOT | O18: WHEEL | P18: DHIMAS | Q18: WAHYUDIN | R18: 200000986786 | S18: 46028 | T18: =IF(C18=0,"",IF(ISBLANK(S18),"WAITING","DONE")) -> DONE | U18: 46031 | V18: 9200066841 | W18: 41879 | X18: 46034 | Y18: =IF(C18=0,"",IF(V18>0,"DONE","WAITING")) -> DONE | Z18: DO 45715 | AA18: 46036 | AB18: =IF(C18=0,"",IF(Z18>0,"DONE","WAITING")) -> DONE | AD18: GMI26-0044684 | AE18: 46037 | AF18: =IF(C18=0,"",IF(ISBLANK(AD18),"WAITING","DONE")) -> DONE | AG18: 46038 | AH18: 46098 | AI18: =IF(AD18=0,"",IF(ISBLANK(AH18),"UNPAID","PAID")) -> PAID | AJ18: {=IFERROR(INDEX('[1]Master Price'!$E:$E,MATCH(D18,'[1]Master Price'!$B:$B,0)),"0")} -> 0 | AK18: =AJ18*F18 -> 0 | AL18: =IFERROR(DATEDIF(S18,T18,"d"),"0")&"-day" -> 0-day | AM18: =IFERROR(DATEDIF(S18,U18,"d"),"0")&"-day" -> 3-day | AN18: =IFERROR(DATEDIF(S18,X18,"d"),"0")&"-day" -> 6-day | AO18: =IFERROR(DATEDIF(X18,AA18,"d"),"0")&"-day" -> 2-day | AP18: =IFERROR(DATEDIF(AA18,AE18,"d"),"0")&"-day" -> 1-day | AQ18: =SUM(AL18:AP18)&"-day" -> 0-day | AS18: =IF(AT18=0,"",ROW()-ROW($AS$2)) -> 16 | AT18: GMIAMMIPT/2026/01/0981 | AU18: =_xludf.ifna(INDEX($B:$B,MATCH(AT18,$C:$C,FALSE)),"") -> #NAME? | AV18: =_xludf.ifna(INDEX($U:$U,MATCH(AT18,$C:$C,FALSE)),"") -> #NAME? | AW18: =_xludf.ifna(INDEX($Z:$Z,MATCH(AT18,$C:$C,FALSE)),"") -> #NAME? | AX18: =_xludf.ifna(INDEX($AA:$AA,MATCH(AT18,$C:$C,FALSE)),"") -> #NAME? | AY18: =IFERROR(INDEX($R:$R,MATCH(AT18,$C:$C,FALSE)),"") -> 200000988563 | AZ18: =_xludf.ifna(INDEX($V:$V,MATCH(AT18,$C:$C,FALSE)),"") -> #NAME? | BA18: =_xludf.ifna(INDEX($W:$W,MATCH(AT18,$C:$C,FALSE)),"") -> #NAME? | BB18: =_xludf.ifna(INDEX($X:$X,MATCH(AT18,$C:$C,FALSE)),"") -> #NAME? | BC18: =_xludf.ifna(INDEX($AD:$AD,MATCH(AT18,$C:$C,FALSE)),"") -> #NAME? | BD18: =_xludf.ifna(INDEX($AE:$AE,MATCH(AT18,$C:$C,FALSE)),"") -> #NAME? | BE18: =_xludf.ifna(INDEX($AG:$AG,MATCH(AT18,$C:$C,FALSE)),"") -> #NAME? | BF18: =_xludf.ifna(INDEX($T:$T,MATCH(AT18,$C:$C,FALSE),""),"") -> #NAME? | BG18: =_xludf.ifna(INDEX($AI:$AI,MATCH(AT18,$C:$C,FALSE)),"") -> #NAME?
A19: =IF(C19=0,"",ROW()-ROW($A$2)) -> 17 | B19: 46025 | C19: GMIAMMIPT/2026/01/0003 | D19: 7L10-8-1 | E19: Standard Blade Fuses (ATS) 10 Amp red | F19: 2 | G19: EA | H19: =IF(C19=0,"",IF(R19>0,"DONE","WAITING")) -> DONE | I19: SV521 | J19: SV700TF | K19: Sakai | L19: 6307 | N19: AC HOT | O19: WHEEL | P19: DHIMAS | Q19: WAHYUDIN | R19: 200000986786 | S19: 46028 | T19: =IF(C19=0,"",IF(ISBLANK(S19),"WAITING","DONE")) -> DONE | U19: 46031 | V19: 9200066841 | W19: 41879 | X19: 46034 | Y19: =IF(C19=0,"",IF(V19>0,"DONE","WAITING")) -> DONE | Z19: DO 45715 | AA19: 46036 | AB19: =IF(C19=0,"",IF(Z19>0,"DONE","WAITING")) -> DONE | AD19: GMI26-0044684 | AE19: 46037 | AF19: =IF(C19=0,"",IF(ISBLANK(AD19),"WAITING","DONE")) -> DONE | AG19: 46038 | AH19: 46098 | AI19: =IF(AD19=0,"",IF(ISBLANK(AH19),"UNPAID","PAID")) -> PAID | AJ19: {=IFERROR(INDEX('[1]Master Price'!$E:$E,MATCH(D19,'[1]Master Price'!$B:$B,0)),"0")} -> 0 | AK19: =AJ19*F19 -> 0 | AL19: =IFERROR(DATEDIF(S19,T19,"d"),"0")&"-day" -> 0-day | AM19: =IFERROR(DATEDIF(S19,U19,"d"),"0")&"-day" -> 3-day | AN19: =IFERROR(DATEDIF(S19,X19,"d"),"0")&"-day" -> 6-day | AO19: =IFERROR(DATEDIF(X19,AA19,"d"),"0")&"-day" -> 2-day | AP19: =IFERROR(DATEDIF(AA19,AE19,"d"),"0")&"-day" -> 1-day | AQ19: =SUM(AL19:AP19)&"-day" -> 0-day | AS19: =IF(AT19=0,"",ROW()-ROW($AS$2)) -> 17 | AT19: GMIAMMIPT/2026/01/0982 | AU19: =_xludf.ifna(INDEX($B:$B,MATCH(AT19,$C:$C,FALSE)),"") -> #NAME? | AV19: =_xludf.ifna(INDEX($U:$U,MATCH(AT19,$C:$C,FALSE)),"") -> #NAME? | AW19: =_xludf.ifna(INDEX($Z:$Z,MATCH(AT19,$C:$C,FALSE)),"") -> #NAME? | AX19: =_xludf.ifna(INDEX($AA:$AA,MATCH(AT19,$C:$C,FALSE)),"") -> #NAME? | AY19: =IFERROR(INDEX($R:$R,MATCH(AT19,$C:$C,FALSE)),"") -> 200000988565 | AZ19: =_xludf.ifna(INDEX($V:$V,MATCH(AT19,$C:$C,FALSE)),"") -> #NAME? | BA19: =_xludf.ifna(INDEX($W:$W,MATCH(AT19,$C:$C,FALSE)),"") -> #NAME? | BB19: =_xludf.ifna(INDEX($X:$X,MATCH(AT19,$C:$C,FALSE)),"") -> #NAME? | BC19: =_xludf.ifna(INDEX($AD:$AD,MATCH(AT19,$C:$C,FALSE)),"") -> #NAME? | BD19: =_xludf.ifna(INDEX($AE:$AE,MATCH(AT19,$C:$C,FALSE)),"") -> #NAME? | BE19: =_xludf.ifna(INDEX($AG:$AG,MATCH(AT19,$C:$C,FALSE)),"") -> #NAME? | BF19: =_xludf.ifna(INDEX($T:$T,MATCH(AT19,$C:$C,FALSE),""),"") -> #NAME? | BG19: =_xludf.ifna(INDEX($AI:$AI,MATCH(AT19,$C:$C,FALSE)),"") -> #NAME?
A20: =IF(C20=0,"",ROW()-ROW($A$2)) -> 18 | B20: 46025 | C20: GMIAMMIPT/2026/01/0003 | D20: 5L17-314-BK | E20: NITTO 21E PVC TAPE 19MM X 20M BLACK | F20: 1 | G20: EA | H20: =IF(C20=0,"",IF(R20>0,"DONE","WAITING")) -> DONE | I20: SV521 | J20: SV700TF | K20: Sakai | L20: 6307 | N20: AC HOT | O20: WHEEL | P20: DHIMAS | Q20: WAHYUDIN | R20: 200000986786 | S20: 46028 | T20: =IF(C20=0,"",IF(ISBLANK(S20),"WAITING","DONE")) -> DONE | U20: 46031 | V20: 9200066841 | W20: 41879 | X20: 46034 | Y20: =IF(C20=0,"",IF(V20>0,"DONE","WAITING")) -> DONE | Z20: DO 45715 | AA20: 46036 | AB20: =IF(C20=0,"",IF(Z20>0,"DONE","WAITING")) -> DONE | AD20: GMI26-0044684 | AE20: 46037 | AF20: =IF(C20=0,"",IF(ISBLANK(AD20),"WAITING","DONE")) -> DONE | AG20: 46038 | AH20: 46098 | AI20: =IF(AD20=0,"",IF(ISBLANK(AH20),"UNPAID","PAID")) -> PAID | AJ20: {=IFERROR(INDEX('[1]Master Price'!$E:$E,MATCH(D20,'[1]Master Price'!$B:$B,0)),"0")} -> 0 | AK20: =AJ20*F20 -> 0 | AL20: =IFERROR(DATEDIF(S20,T20,"d"),"0")&"-day" -> 0-day | AM20: =IFERROR(DATEDIF(S20,U20,"d"),"0")&"-day" -> 3-day | AN20: =IFERROR(DATEDIF(S20,X20,"d"),"0")&"-day" -> 6-day | AO20: =IFERROR(DATEDIF(X20,AA20,"d"),"0")&"-day" -> 2-day | AP20: =IFERROR(DATEDIF(AA20,AE20,"d"),"0")&"-day" -> 1-day | AQ20: =SUM(AL20:AP20)&"-day" -> 0-day | AS20: =IF(AT20=0,"",ROW()-ROW($AS$2)) -> 18 | AT20: GMIAMMIPT/2026/01/0983 | AU20: =_xludf.ifna(INDEX($B:$B,MATCH(AT20,$C:$C,FALSE)),"") -> #NAME? | AV20: =_xludf.ifna(INDEX($U:$U,MATCH(AT20,$C:$C,FALSE)),"") -> #NAME? | AW20: =_xludf.ifna(INDEX($Z:$Z,MATCH(AT20,$C:$C,FALSE)),"") -> #NAME? | AX20: =_xludf.ifna(INDEX($AA:$AA,MATCH(AT20,$C:$C,FALSE)),"") -> #NAME? | AY20: =IFERROR(INDEX($R:$R,MATCH(AT20,$C:$C,FALSE)),"") -> 200000988566 | AZ20: =_xludf.ifna(INDEX($V:$V,MATCH(AT20,$C:$C,FALSE)),"") -> #NAME? | BA20: =_xludf.ifna(INDEX($W:$W,MATCH(AT20,$C:$C,FALSE)),"") -> #NAME? | BB20: =_xludf.ifna(INDEX($X:$X,MATCH(AT20,$C:$C,FALSE)),"") -> #NAME? | BC20: =_xludf.ifna(INDEX($AD:$AD,MATCH(AT20,$C:$C,FALSE)),"") -> #NAME? | BD20: =_xludf.ifna(INDEX($AE:$AE,MATCH(AT20,$C:$C,FALSE)),"") -> #NAME? | BE20: =_xludf.ifna(INDEX($AG:$AG,MATCH(AT20,$C:$C,FALSE)),"") -> #NAME? | BF20: =_xludf.ifna(INDEX($T:$T,MATCH(AT20,$C:$C,FALSE),""),"") -> #NAME? | BG20: =_xludf.ifna(INDEX($AI:$AI,MATCH(AT20,$C:$C,FALSE)),"") -> #NAME?
A21: =IF(C21=0,"",ROW()-ROW($A$2)) -> 19 | B21: 46025 | C21: GMIAMMIPT/2026/01/0003 | D21: 5L17-182-BK | E21: Cable Ties width: 2.4mm, length: 100mm Black (pack 0f 100) | F21: 1 | G21: EA | H21: =IF(C21=0,"",IF(R21>0,"DONE","WAITING")) -> DONE | I21: SV521 | J21: SV700TF | K21: Sakai | L21: 6307 | N21: AC HOT | O21: WHEEL | P21: DHIMAS | Q21: WAHYUDIN | R21: 200000986786 | S21: 46028 | T21: =IF(C21=0,"",IF(ISBLANK(S21),"WAITING","DONE")) -> DONE | U21: 46031 | V21: 9200066841 | W21: 41879 | X21: 46034 | Y21: =IF(C21=0,"",IF(V21>0,"DONE","WAITING")) -> DONE | Z21: DO 45715 | AA21: 46036 | AB21: =IF(C21=0,"",IF(Z21>0,"DONE","WAITING")) -> DONE | AD21: GMI26-0044684 | AE21: 46037 | AF21: =IF(C21=0,"",IF(ISBLANK(AD21),"WAITING","DONE")) -> DONE | AG21: 46038 | AH21: 46098 | AI21: =IF(AD21=0,"",IF(ISBLANK(AH21),"UNPAID","PAID")) -> PAID | AJ21: {=IFERROR(INDEX('[1]Master Price'!$E:$E,MATCH(D21,'[1]Master Price'!$B:$B,0)),"0")} -> 0 | AK21: =AJ21*F21 -> 0 | AL21: =IFERROR(DATEDIF(S21,T21,"d"),"0")&"-day" -> 0-day | AM21: =IFERROR(DATEDIF(S21,U21,"d"),"0")&"-day" -> 3-day | AN21: =IFERROR(DATEDIF(S21,X21,"d"),"0")&"-day" -> 6-day | AO21: =IFERROR(DATEDIF(X21,AA21,"d"),"0")&"-day" -> 2-day | AP21: =IFERROR(DATEDIF(AA21,AE21,"d"),"0")&"-day" -> 1-day | AQ21: =SUM(AL21:AP21)&"-day" -> 0-day | AS21: =IF(AT21=0,"",ROW()-ROW($AS$2)) -> 19 | AT21: GMIAMMIPT/2026/01/0984 | AU21: =_xludf.ifna(INDEX($B:$B,MATCH(AT21,$C:$C,FALSE)),"") -> #NAME? | AV21: =_xludf.ifna(INDEX($U:$U,MATCH(AT21,$C:$C,FALSE)),"") -> #NAME? | AW21: =_xludf.ifna(INDEX($Z:$Z,MATCH(AT21,$C:$C,FALSE)),"") -> #NAME? | AX21: =_xludf.ifna(INDEX($AA:$AA,MATCH(AT21,$C:$C,FALSE)),"") -> #NAME? | AY21: =IFERROR(INDEX($R:$R,MATCH(AT21,$C:$C,FALSE)),"") -> 200000988570 | AZ21: =_xludf.ifna(INDEX($V:$V,MATCH(AT21,$C:$C,FALSE)),"") -> #NAME? | BA21: =_xludf.ifna(INDEX($W:$W,MATCH(AT21,$C:$C,FALSE)),"") -> #NAME? | BB21: =_xludf.ifna(INDEX($X:$X,MATCH(AT21,$C:$C,FALSE)),"") -> #NAME? | BC21: =_xludf.ifna(INDEX($AD:$AD,MATCH(AT21,$C:$C,FALSE)),"") -> #NAME? | BD21: =_xludf.ifna(INDEX($AE:$AE,MATCH(AT21,$C:$C,FALSE)),"") -> #NAME? | BE21: =_xludf.ifna(INDEX($AG:$AG,MATCH(AT21,$C:$C,FALSE)),"") -> #NAME? | BF21: =_xludf.ifna(INDEX($T:$T,MATCH(AT21,$C:$C,FALSE),""),"") -> #NAME? | BG21: =_xludf.ifna(INDEX($AI:$AI,MATCH(AT21,$C:$C,FALSE)),"") -> #NAME?
A22: =IF(C22=0,"",ROW()-ROW($A$2)) -> 20 | B22: 46025 | C22: GMIAMMIPT/2026/01/0004 | D22: 14L-0760-2 | E22: Fitting 1/2 R12 180 + Core R134 | F22: 1 | G22: EA | H22: =IF(C22=0,"",IF(R22>0,"DONE","WAITING")) -> DONE | I22: D8508 | J22: NOT REGISTERED | K22: NOT REGISTERED | N22: SUPPLY ONLY (BOSTON) | O22: SUPPORT | P22: LEO | Q22: DIDI | R22: PO BOSTON | S22: 46025 | T22: =IF(C22=0,"",IF(ISBLANK(S22),"WAITING","DONE")) -> DONE | U22: PO BOSTON | V22: PO/AMM-IPT/26/I/00085 | W22: 42173 | X22: 46044 | Y22: =IF(C22=0,"",IF(V22>0,"DONE","WAITING")) -> DONE | Z22: DO 46065 | AA22: 46049 | AB22: =IF(C22=0,"",IF(Z22>0,"DONE","WAITING")) -> DONE | AD22: GMI26-0045001 | AE22: 46049 | AF22: =IF(C22=0,"",IF(ISBLANK(AD22),"WAITING","DONE")) -> DONE | AG22: 46062 | AH22: 46064 | AI22: =IF(AD22=0,"",IF(ISBLANK(AH22),"UNPAID","PAID")) -> PAID | AJ22: {=IFERROR(INDEX('[1]Master Price'!$E:$E,MATCH(D22,'[1]Master Price'!$B:$B,0)),"0")} -> 0 | AK22: =AJ22*F22 -> 0 | AL22: =IFERROR(DATEDIF(S22,T22,"d"),"0")&"-day" -> 0-day | AM22: =IFERROR(DATEDIF(S22,U22,"d"),"0")&"-day" -> 0-day | AN22: =IFERROR(DATEDIF(S22,X22,"d"),"0")&"-day" -> 19-day | AO22: =IFERROR(DATEDIF(X22,AA22,"d"),"0")&"-day" -> 5-day | AP22: =IFERROR(DATEDIF(AA22,AE22,"d"),"0")&"-day" -> 0-day | AQ22: =SUM(AL22:AP22)&"-day" -> 0-day | AS22: =IF(AT22=0,"",ROW()-ROW($AS$2)) -> 20 | AT22: GMIAMMIPT/2026/01/0985 | AU22: =_xludf.ifna(INDEX($B:$B,MATCH(AT22,$C:$C,FALSE)),"") -> #NAME? | AV22: =_xludf.ifna(INDEX($U:$U,MATCH(AT22,$C:$C,FALSE)),"") -> #NAME? | AW22: =_xludf.ifna(INDEX($Z:$Z,MATCH(AT22,$C:$C,FALSE)),"") -> #NAME? | AX22: =_xludf.ifna(INDEX($AA:$AA,MATCH(AT22,$C:$C,FALSE)),"") -> #NAME? | AY22: =IFERROR(INDEX($R:$R,MATCH(AT22,$C:$C,FALSE)),"") -> 210000270073 | AZ22: =_xludf.ifna(INDEX($V:$V,MATCH(AT22,$C:$C,FALSE)),"") -> #NAME? | BA22: =_xludf.ifna(INDEX($W:$W,MATCH(AT22,$C:$C,FALSE)),"") -> #NAME? | BB22: =_xludf.ifna(INDEX($X:$X,MATCH(AT22,$C:$C,FALSE)),"") -> #NAME? | BC22: =_xludf.ifna(INDEX($AD:$AD,MATCH(AT22,$C:$C,FALSE)),"") -> #NAME? | BD22: =_xludf.ifna(INDEX($AE:$AE,MATCH(AT22,$C:$C,FALSE)),"") -> #NAME? | BE22: =_xludf.ifna(INDEX($AG:$AG,MATCH(AT22,$C:$C,FALSE)),"") -> #NAME? | BF22: =_xludf.ifna(INDEX($T:$T,MATCH(AT22,$C:$C,FALSE),""),"") -> #NAME? | BG22: =_xludf.ifna(INDEX($AI:$AI,MATCH(AT22,$C:$C,FALSE)),"") -> #NAME?
A23: =IF(C23=0,"",ROW()-ROW($A$2)) -> 21 | B23: 46025 | C23: GMIAMMIPT/2026/01/0004 | D23: 14L-0143-1 | E23: Core Valve R134 | F23: 4 | G23: EA | H23: =IF(C23=0,"",IF(R23>0,"DONE","WAITING")) -> DONE | I23: D8508 | J23: NOT REGISTERED | K23: NOT REGISTERED | N23: SUPPLY ONLY (BOSTON) | O23: SUPPORT | P23: LEO | Q23: DIDI | R23: PO BOSTON | S23: 46025 | T23: =IF(C23=0,"",IF(ISBLANK(S23),"WAITING","DONE")) -> DONE | U23: PO BOSTON | V23: PO/AMM-IPT/26/I/00085 | W23: 42173 | X23: 46044 | Y23: =IF(C23=0,"",IF(V23>0,"DONE","WAITING")) -> DONE | Z23: DO 46065 | AA23: 46049 | AB23: =IF(C23=0,"",IF(Z23>0,"DONE","WAITING")) -> DONE | AD23: GMI26-0045001 | AE23: 46049 | AF23: =IF(C23=0,"",IF(ISBLANK(AD23),"WAITING","DONE")) -> DONE | AG23: 46062 | AH23: 46064 | AI23: =IF(AD23=0,"",IF(ISBLANK(AH23),"UNPAID","PAID")) -> PAID | AJ23: {=IFERROR(INDEX('[1]Master Price'!$E:$E,MATCH(D23,'[1]Master Price'!$B:$B,0)),"0")} -> 0 | AK23: =AJ23*F23 -> 0 | AL23: =IFERROR(DATEDIF(S23,T23,"d"),"0")&"-day" -> 0-day | AM23: =IFERROR(DATEDIF(S23,U23,"d"),"0")&"-day" -> 0-day | AN23: =IFERROR(DATEDIF(S23,X23,"d"),"0")&"-day" -> 19-day | AO23: =IFERROR(DATEDIF(X23,AA23,"d"),"0")&"-day" -> 5-day | AP23: =IFERROR(DATEDIF(AA23,AE23,"d"),"0")&"-day" -> 0-day | AQ23: =SUM(AL23:AP23)&"-day" -> 0-day | AS23: =IF(AT23=0,"",ROW()-ROW($AS$2)) -> 21 | AT23: GMIAMMIPT/2026/01/0986 | AU23: =_xludf.ifna(INDEX($B:$B,MATCH(AT23,$C:$C,FALSE)),"") -> #NAME? | AV23: =_xludf.ifna(INDEX($U:$U,MATCH(AT23,$C:$C,FALSE)),"") -> #NAME? | AW23: =_xludf.ifna(INDEX($Z:$Z,MATCH(AT23,$C:$C,FALSE)),"") -> #NAME? | AX23: =_xludf.ifna(INDEX($AA:$AA,MATCH(AT23,$C:$C,FALSE)),"") -> #NAME? | AY23: =IFERROR(INDEX($R:$R,MATCH(AT23,$C:$C,FALSE)),"") -> 200000988582 | AZ23: =_xludf.ifna(INDEX($V:$V,MATCH(AT23,$C:$C,FALSE)),"") -> #NAME? | BA23: =_xludf.ifna(INDEX($W:$W,MATCH(AT23,$C:$C,FALSE)),"") -> #NAME? | BB23: =_xludf.ifna(INDEX($X:$X,MATCH(AT23,$C:$C,FALSE)),"") -> #NAME? | BC23: =_xludf.ifna(INDEX($AD:$AD,MATCH(AT23,$C:$C,FALSE)),"") -> #NAME? | BD23: =_xludf.ifna(INDEX($AE:$AE,MATCH(AT23,$C:$C,FALSE)),"") -> #NAME? | BE23: =_xludf.ifna(INDEX($AG:$AG,MATCH(AT23,$C:$C,FALSE)),"") -> #NAME? | BF23: =_xludf.ifna(INDEX($T:$T,MATCH(AT23,$C:$C,FALSE),""),"") -> #NAME? | BG23: =_xludf.ifna(INDEX($AI:$AI,MATCH(AT23,$C:$C,FALSE)),"") -> #NAME?
A24: =IF(C24=0,"",ROW()-ROW($A$2)) -> 22 | B24: 46025 | C24: GMIAMMIPT/2026/01/0004 | D24: 14L-0677-3/8 | E24: Fitting R12 3/4 90 + Core valve | F24: 1 | G24: EA | H24: =IF(C24=0,"",IF(R24>0,"DONE","WAITING")) -> DONE | I24: D8508 | J24: NOT REGISTERED | K24: NOT REGISTERED | N24: SUPPLY ONLY (BOSTON) | O24: SUPPORT | P24: LEO | Q24: DIDI | R24: PO BOSTON | S24: 46025 | T24: =IF(C24=0,"",IF(ISBLANK(S24),"WAITING","DONE")) -> DONE | U24: PO BOSTON | V24: PO/AMM-IPT/26/I/00085 | W24: 42173 | X24: 46044 | Y24: =IF(C24=0,"",IF(V24>0,"DONE","WAITING")) -> DONE | Z24: DO 46065 | AA24: 46049 | AB24: =IF(C24=0,"",IF(Z24>0,"DONE","WAITING")) -> DONE | AD24: GMI26-0045001 | AE24: 46049 | AF24: =IF(C24=0,"",IF(ISBLANK(AD24),"WAITING","DONE")) -> DONE | AG24: 46062 | AH24: 46064 | AI24: =IF(AD24=0,"",IF(ISBLANK(AH24),"UNPAID","PAID")) -> PAID | AJ24: {=IFERROR(INDEX('[1]Master Price'!$E:$E,MATCH(D24,'[1]Master Price'!$B:$B,0)),"0")} -> 0 | AK24: =AJ24*F24 -> 0 | AL24: =IFERROR(DATEDIF(S24,T24,"d"),"0")&"-day" -> 0-day | AM24: =IFERROR(DATEDIF(S24,U24,"d"),"0")&"-day" -> 0-day | AN24: =IFERROR(DATEDIF(S24,X24,"d"),"0")&"-day" -> 19-day | AO24: =IFERROR(DATEDIF(X24,AA24,"d"),"0")&"-day" -> 5-day | AP24: =IFERROR(DATEDIF(AA24,AE24,"d"),"0")&"-day" -> 0-day | AQ24: =SUM(AL24:AP24)&"-day" -> 0-day | AS24: =IF(AT24=0,"",ROW()-ROW($AS$2)) -> 22 | AT24: GMIAMMIPT/2026/01/0987 | AU24: =_xludf.ifna(INDEX($B:$B,MATCH(AT24,$C:$C,FALSE)),"") -> #NAME? | AV24: =_xludf.ifna(INDEX($U:$U,MATCH(AT24,$C:$C,FALSE)),"") -> #NAME? | AW24: =_xludf.ifna(INDEX($Z:$Z,MATCH(AT24,$C:$C,FALSE)),"") -> #NAME? | AX24: =_xludf.ifna(INDEX($AA:$AA,MATCH(AT24,$C:$C,FALSE)),"") -> #NAME? | AY24: =IFERROR(INDEX($R:$R,MATCH(AT24,$C:$C,FALSE)),"") -> 200000988585 | AZ24: =_xludf.ifna(INDEX($V:$V,MATCH(AT24,$C:$C,FALSE)),"") -> #NAME? | BA24: =_xludf.ifna(INDEX($W:$W,MATCH(AT24,$C:$C,FALSE)),"") -> #NAME? | BB24: =_xludf.ifna(INDEX($X:$X,MATCH(AT24,$C:$C,FALSE)),"") -> #NAME? | BC24: =_xludf.ifna(INDEX($AD:$AD,MATCH(AT24,$C:$C,FALSE)),"") -> #NAME? | BD24: =_xludf.ifna(INDEX($AE:$AE,MATCH(AT24,$C:$C,FALSE)),"") -> #NAME? | BE24: =_xludf.ifna(INDEX($AG:$AG,MATCH(AT24,$C:$C,FALSE)),"") -> #NAME? | BF24: =_xludf.ifna(INDEX($T:$T,MATCH(AT24,$C:$C,FALSE),""),"") -> #NAME? | BG24: =_xludf.ifna(INDEX($AI:$AI,MATCH(AT24,$C:$C,FALSE)),"") -> #NAME?
A25: =IF(C25=0,"",ROW()-ROW($A$2)) -> 23 | B25: 46025 | C25: GMIAMMIPT/2026/01/0005 | D25: 14L-0299 | E25: Pressure Switch Lps | F25: 1 | G25: EA | H25: =IF(C25=0,"",IF(R25>0,"DONE","WAITING")) -> DONE | I25: WA52518 | J25: AXOR 2528RMC | K25: Mercedes Benz | N25: SUPPLY ONLY | O25: SUPPORT | P25: LEO | Q25: AFTAL | R25: 200000986781 | S25: 46028 | T25: =IF(C25=0,"",IF(ISBLANK(S25),"WAITING","DONE")) -> DONE | U25: 46031 | V25: 9200066844 | W25: 41877 | X25: 46034 | Y25: =IF(C25=0,"",IF(V25>0,"DONE","WAITING")) -> DONE | Z25: DO 45713 | AA25: 46036 | AB25: =IF(C25=0,"",IF(Z25>0,"DONE","WAITING")) -> DONE | AD25: GMI26-0044685 | AE25: 46037 | AF25: =IF(C25=0,"",IF(ISBLANK(AD25),"WAITING","DONE")) -> DONE | AG25: 46038 | AH25: 46098 | AI25: =IF(AD25=0,"",IF(ISBLANK(AH25),"UNPAID","PAID")) -> PAID | AJ25: {=IFERROR(INDEX('[1]Master Price'!$E:$E,MATCH(D25,'[1]Master Price'!$B:$B,0)),"0")} -> 0 | AK25: =AJ25*F25 -> 0 | AL25: =IFERROR(DATEDIF(S25,T25,"d"),"0")&"-day" -> 0-day | AM25: =IFERROR(DATEDIF(S25,U25,"d"),"0")&"-day" -> 3-day | AN25: =IFERROR(DATEDIF(S25,X25,"d"),"0")&"-day" -> 6-day | AO25: =IFERROR(DATEDIF(X25,AA25,"d"),"0")&"-day" -> 2-day | AP25: =IFERROR(DATEDIF(AA25,AE25,"d"),"0")&"-day" -> 1-day | AQ25: =SUM(AL25:AP25)&"-day" -> 0-day | AS25: =IF(AT25=0,"",ROW()-ROW($AS$2)) -> 23 | AT25: GMIAMMIPT/2026/01/0988 | AU25: =_xludf.ifna(INDEX($B:$B,MATCH(AT25,$C:$C,FALSE)),"") -> #NAME? | AV25: =_xludf.ifna(INDEX($U:$U,MATCH(AT25,$C:$C,FALSE)),"") -> #NAME? | AW25: =_xludf.ifna(INDEX($Z:$Z,MATCH(AT25,$C:$C,FALSE)),"") -> #NAME? | AX25: =_xludf.ifna(INDEX($AA:$AA,MATCH(AT25,$C:$C,FALSE)),"") -> #NAME? | AY25: =IFERROR(INDEX($R:$R,MATCH(AT25,$C:$C,FALSE)),"") -> 200000988589 | AZ25: =_xludf.ifna(INDEX($V:$V,MATCH(AT25,$C:$C,FALSE)),"") -> #NAME? | BA25: =_xludf.ifna(INDEX($W:$W,MATCH(AT25,$C:$C,FALSE)),"") -> #NAME? | BB25: =_xludf.ifna(INDEX($X:$X,MATCH(AT25,$C:$C,FALSE)),"") -> #NAME? | BC25: =_xludf.ifna(INDEX($AD:$AD,MATCH(AT25,$C:$C,FALSE)),"") -> #NAME? | BD25: =_xludf.ifna(INDEX($AE:$AE,MATCH(AT25,$C:$C,FALSE)),"") -> #NAME? | BE25: =_xludf.ifna(INDEX($AG:$AG,MATCH(AT25,$C:$C,FALSE)),"") -> #NAME? | BF25: =_xludf.ifna(INDEX($T:$T,MATCH(AT25,$C:$C,FALSE),""),"") -> #NAME? | BG25: =_xludf.ifna(INDEX($AI:$AI,MATCH(AT25,$C:$C,FALSE)),"") -> #NAME?
A26: =IF(C26=0,"",ROW()-ROW($A$2)) -> 24 | B26: 46025 | C26: GMIAMMIPT/2026/01/0006 | D26: 2L3-8F | E26: LED Work Lamp 9-32VDC 2100 lumens 27W Flood Lens Round Type | F26: 1 | G26: EA | H26: =IF(C26=0,"",IF(R26>0,"DONE","WAITING")) -> DONE | I26: WA52507 | J26: AXOR 2528RMC | K26: Mercedes Benz | N26: SUPPLY ONLY | O26: SUPPORT | P26: LEO | Q26: HERIYANTO | R26: 200000986778 | S26: 46028 | T26: =IF(C26=0,"",IF(ISBLANK(S26),"WAITING","DONE")) -> DONE | U26: 46031 | V26: 9200066843 | W26: 41876 | X26: 46034 | Y26: =IF(C26=0,"",IF(V26>0,"DONE","WAITING")) -> DONE | Z26: DO 45712 | AA26: 46036 | AB26: =IF(C26=0,"",IF(Z26>0,"DONE","WAITING")) -> DONE | AD26: GMI26-0044686 | AE26: 46037 | AF26: =IF(C26=0,"",IF(ISBLANK(AD26),"WAITING","DONE")) -> DONE | AG26: 46038 | AH26: 46098 | AI26: =IF(AD26=0,"",IF(ISBLANK(AH26),"UNPAID","PAID")) -> PAID | AJ26: {=IFERROR(INDEX('[1]Master Price'!$E:$E,MATCH(D26,'[1]Master Price'!$B:$B,0)),"0")} -> 0 | AK26: =AJ26*F26 -> 0 | AL26: =IFERROR(DATEDIF(S26,T26,"d"),"0")&"-day" -> 0-day | AM26: =IFERROR(DATEDIF(S26,U26,"d"),"0")&"-day" -> 3-day | AN26: =IFERROR(DATEDIF(S26,X26,"d"),"0")&"-day" -> 6-day | AO26: =IFERROR(DATEDIF(X26,AA26,"d"),"0")&"-day" -> 2-day | AP26: =IFERROR(DATEDIF(AA26,AE26,"d"),"0")&"-day" -> 1-day | AQ26: =SUM(AL26:AP26)&"-day" -> 0-day | AS26: =IF(AT26=0,"",ROW()-ROW($AS$2)) -> 24 | AT26: GMIAMMIPT/2026/01/0989 | AU26: =_xludf.ifna(INDEX($B:$B,MATCH(AT26,$C:$C,FALSE)),"") -> #NAME? | AV26: =_xludf.ifna(INDEX($U:$U,MATCH(AT26,$C:$C,FALSE)),"") -> #NAME? | AW26: =_xludf.ifna(INDEX($Z:$Z,MATCH(AT26,$C:$C,FALSE)),"") -> #NAME? | AX26: =_xludf.ifna(INDEX($AA:$AA,MATCH(AT26,$C:$C,FALSE)),"") -> #NAME? | AY26: =IFERROR(INDEX($R:$R,MATCH(AT26,$C:$C,FALSE)),"") -> 200000988592 | AZ26: =_xludf.ifna(INDEX($V:$V,MATCH(AT26,$C:$C,FALSE)),"") -> #NAME? | BA26: =_xludf.ifna(INDEX($W:$W,MATCH(AT26,$C:$C,FALSE)),"") -> #NAME? | BB26: =_xludf.ifna(INDEX($X:$X,MATCH(AT26,$C:$C,FALSE)),"") -> #NAME? | BC26: =_xludf.ifna(INDEX($AD:$AD,MATCH(AT26,$C:$C,FALSE)),"") -> #NAME? | BD26: =_xludf.ifna(INDEX($AE:$AE,MATCH(AT26,$C:$C,FALSE)),"") -> #NAME? | BE26: =_xludf.ifna(INDEX($AG:$AG,MATCH(AT26,$C:$C,FALSE)),"") -> #NAME? | BF26: =_xludf.ifna(INDEX($T:$T,MATCH(AT26,$C:$C,FALSE),""),"") -> #NAME? | BG26: =_xludf.ifna(INDEX($AI:$AI,MATCH(AT26,$C:$C,FALSE)),"") -> #NAME?
A27: =IF(C27=0,"",ROW()-ROW($A$2)) -> 25 | B27: 46025 | C27: GMIAMMIPT/2026/01/0007 | D27: 11L-3024 | E27: LED FLood Light 6 Eyes 18 Watt 10-30 VDC | F27: 2 | G27: EA | H27: =IF(C27=0,"",IF(R27>0,"DONE","WAITING")) -> DONE | I27: FT54801 | J27: AROCS 4845K | K27: Mercedes Benz | N27: SUPPLY ONLY | O27: SUPPORT | P27: LEO | Q27: FAUZI | R27: 200000986774 | S27: 46028 | T27: =IF(C27=0,"",IF(ISBLANK(S27),"WAITING","DONE")) -> DONE | U27: 46031 | V27: 9200066922 | W27: 41885 | X27: 46034 | Y27: =IF(C27=0,"",IF(V27>0,"DONE","WAITING")) -> DONE | Z27: DO 45723 | AA27: 46036 | AB27: =IF(C27=0,"",IF(Z27>0,"DONE","WAITING")) -> DONE | AD27: GMI26-0044687 | AE27: 46037 | AF27: =IF(C27=0,"",IF(ISBLANK(AD27),"WAITING","DONE")) -> DONE | AG27: 46038 | AH27: 46098 | AI27: =IF(AD27=0,"",IF(ISBLANK(AH27),"UNPAID","PAID")) -> PAID | AJ27: {=IFERROR(INDEX('[1]Master Price'!$E:$E,MATCH(D27,'[1]Master Price'!$B:$B,0)),"0")} -> 0 | AK27: =AJ27*F27 -> 0 | AL27: =IFERROR(DATEDIF(S27,T27,"d"),"0")&"-day" -> 0-day | AM27: =IFERROR(DATEDIF(S27,U27,"d"),"0")&"-day" -> 3-day | AN27: =IFERROR(DATEDIF(S27,X27,"d"),"0")&"-day" -> 6-day | AO27: =IFERROR(DATEDIF(X27,AA27,"d"),"0")&"-day" -> 2-day | AP27: =IFERROR(DATEDIF(AA27,AE27,"d"),"0")&"-day" -> 1-day | AQ27: =SUM(AL27:AP27)&"-day" -> 0-day | AS27: =IF(AT27=0,"",ROW()-ROW($AS$2)) -> 25 | AT27: GMIAMMIPT/2026/01/0990 | AU27: =_xludf.ifna(INDEX($B:$B,MATCH(AT27,$C:$C,FALSE)),"") -> #NAME? | AV27: =_xludf.ifna(INDEX($U:$U,MATCH(AT27,$C:$C,FALSE)),"") -> #NAME? | AW27: =_xludf.ifna(INDEX($Z:$Z,MATCH(AT27,$C:$C,FALSE)),"") -> #NAME? | AX27: =_xludf.ifna(INDEX($AA:$AA,MATCH(AT27,$C:$C,FALSE)),"") -> #NAME? | AY27: =IFERROR(INDEX($R:$R,MATCH(AT27,$C:$C,FALSE)),"") -> CANCEL | AZ27: =_xludf.ifna(INDEX($V:$V,MATCH(AT27,$C:$C,FALSE)),"") -> #NAME? | BA27: =_xludf.ifna(INDEX($W:$W,MATCH(AT27,$C:$C,FALSE)),"") -> #NAME? | BB27: =_xludf.ifna(INDEX($X:$X,MATCH(AT27,$C:$C,FALSE)),"") -> #NAME? | BC27: =_xludf.ifna(INDEX($AD:$AD,MATCH(AT27,$C:$C,FALSE)),"") -> #NAME? | BD27: =_xludf.ifna(INDEX($AE:$AE,MATCH(AT27,$C:$C,FALSE)),"") -> #NAME? | BE27: =_xludf.ifna(INDEX($AG:$AG,MATCH(AT27,$C:$C,FALSE)),"") -> #NAME? | BF27: =_xludf.ifna(INDEX($T:$T,MATCH(AT27,$C:$C,FALSE),""),"") -> #NAME? | BG27: =_xludf.ifna(INDEX($AI:$AI,MATCH(AT27,$C:$C,FALSE)),"") -> #NAME?
A28: =IF(C28=0,"",ROW()-ROW($A$2)) -> 26 | B28: 46025 | C28: GMIAMMIPT/2026/01/0007 | D28: 11L-5751 | E28: Fitting Elbow PL 6-1/4 | F28: 2 | G28: EA | H28: =IF(C28=0,"",IF(R28>0,"DONE","WAITING")) -> DONE | I28: FT54801 | J28: AROCS 4845K | K28: Mercedes Benz | N28: SUPPLY ONLY | O28: SUPPORT | P28: LEO | Q28: FAUZI | R28: 200000986774 | S28: 46028 | T28: =IF(C28=0,"",IF(ISBLANK(S28),"WAITING","DONE")) -> DONE | U28: 46031 | V28: 9200066922 | W28: 41885 | X28: 46034 | Y28: =IF(C28=0,"",IF(V28>0,"DONE","WAITING")) -> DONE | Z28: DO 45723 | AA28: 46036 | AB28: =IF(C28=0,"",IF(Z28>0,"DONE","WAITING")) -> DONE | AD28: GMI26-0044687 | AE28: 46037 | AF28: =IF(C28=0,"",IF(ISBLANK(AD28),"WAITING","DONE")) -> DONE | AG28: 46038 | AH28: 46098 | AI28: =IF(AD28=0,"",IF(ISBLANK(AH28),"UNPAID","PAID")) -> PAID | AJ28: {=IFERROR(INDEX('[1]Master Price'!$E:$E,MATCH(D28,'[1]Master Price'!$B:$B,0)),"0")} -> 0 | AK28: =AJ28*F28 -> 0 | AL28: =IFERROR(DATEDIF(S28,T28,"d"),"0")&"-day" -> 0-day | AM28: =IFERROR(DATEDIF(S28,U28,"d"),"0")&"-day" -> 3-day | AN28: =IFERROR(DATEDIF(S28,X28,"d"),"0")&"-day" -> 6-day | AO28: =IFERROR(DATEDIF(X28,AA28,"d"),"0")&"-day" -> 2-day | AP28: =IFERROR(DATEDIF(AA28,AE28,"d"),"0")&"-day" -> 1-day | AQ28: =SUM(AL28:AP28)&"-day" -> 0-day | AS28: =IF(AT28=0,"",ROW()-ROW($AS$2)) -> 26 | AT28: GMIAMMIPT/2026/01/0991 | AU28: =_xludf.ifna(INDEX($B:$B,MATCH(AT28,$C:$C,FALSE)),"") -> #NAME? | AV28: =_xludf.ifna(INDEX($U:$U,MATCH(AT28,$C:$C,FALSE)),"") -> #NAME? | AW28: =_xludf.ifna(INDEX($Z:$Z,MATCH(AT28,$C:$C,FALSE)),"") -> #NAME? | AX28: =_xludf.ifna(INDEX($AA:$AA,MATCH(AT28,$C:$C,FALSE)),"") -> #NAME? | AY28: =IFERROR(INDEX($R:$R,MATCH(AT28,$C:$C,FALSE)),"") -> 210000271149 | AZ28: =_xludf.ifna(INDEX($V:$V,MATCH(AT28,$C:$C,FALSE)),"") -> #NAME? | BA28: =_xludf.ifna(INDEX($W:$W,MATCH(AT28,$C:$C,FALSE)),"") -> #NAME? | BB28: =_xludf.ifna(INDEX($X:$X,MATCH(AT28,$C:$C,FALSE)),"") -> #NAME? | BC28: =_xludf.ifna(INDEX($AD:$AD,MATCH(AT28,$C:$C,FALSE)),"") -> #NAME? | BD28: =_xludf.ifna(INDEX($AE:$AE,MATCH(AT28,$C:$C,FALSE)),"") -> #NAME? | BE28: =_xludf.ifna(INDEX($AG:$AG,MATCH(AT28,$C:$C,FALSE)),"") -> #NAME? | BF28: =_xludf.ifna(INDEX($T:$T,MATCH(AT28,$C:$C,FALSE),""),"") -> #NAME? | BG28: =_xludf.ifna(INDEX($AI:$AI,MATCH(AT28,$C:$C,FALSE)),"") -> #NAME?
A29: =IF(C29=0,"",ROW()-ROW($A$2)) -> 27 | B29: 46026 | C29: GMIAMMIPT/2026/01/0008 | D29: 11L-1530-7-15 | E29: 1 Camera with Monitor 7 inch 4 channel and harness 15 mtr | F29: 1 | G29: SET | H29: =IF(C29=0,"",IF(R29>0,"DONE","WAITING")) -> DONE | I29: FT52525 | J29: AXOR 2528C | K29: Mercedes Benz | N29: SUPPLY ONLY | O29: SUPPORT | P29: LEO | Q29: FIRMAN | R29: 200000986769 | S29: 46028 | T29: =IF(C29=0,"",IF(ISBLANK(S29),"WAITING","DONE")) -> DONE | U29: 46031 | V29: 9200066842 | W29: 41878 | X29: 46034 | Y29: =IF(C29=0,"",IF(V29>0,"DONE","WAITING")) -> DONE | Z29: DO 45714 | AA29: 46036 | AB29: =IF(C29=0,"",IF(Z29>0,"DONE","WAITING")) -> DONE | AD29: GMI26-0044688 | AE29: 46037 | AF29: =IF(C29=0,"",IF(ISBLANK(AD29),"WAITING","DONE")) -> DONE | AG29: 46038 | AH29: 46098 | AI29: =IF(AD29=0,"",IF(ISBLANK(AH29),"UNPAID","PAID")) -> PAID | AJ29: {=IFERROR(INDEX('[1]Master Price'!$E:$E,MATCH(D29,'[1]Master Price'!$B:$B,0)),"0")} -> 0 | AK29: =AJ29*F29 -> 0 | AL29: =IFERROR(DATEDIF(S29,T29,"d"),"0")&"-day" -> 0-day | AM29: =IFERROR(DATEDIF(S29,U29,"d"),"0")&"-day" -> 3-day | AN29: =IFERROR(DATEDIF(S29,X29,"d"),"0")&"-day" -> 6-day | AO29: =IFERROR(DATEDIF(X29,AA29,"d"),"0")&"-day" -> 2-day | AP29: =IFERROR(DATEDIF(AA29,AE29,"d"),"0")&"-day" -> 1-day | AQ29: =SUM(AL29:AP29)&"-day" -> 0-day | AS29: =IF(AT29=0,"",ROW()-ROW($AS$2)) -> 27 | AT29: GMIAMMIPT/2026/01/0992 | AU29: =_xludf.ifna(INDEX($B:$B,MATCH(AT29,$C:$C,FALSE)),"") -> #NAME? | AV29: =_xludf.ifna(INDEX($U:$U,MATCH(AT29,$C:$C,FALSE)),"") -> #NAME? | AW29: =_xludf.ifna(INDEX($Z:$Z,MATCH(AT29,$C:$C,FALSE)),"") -> #NAME? | AX29: =_xludf.ifna(INDEX($AA:$AA,MATCH(AT29,$C:$C,FALSE)),"") -> #NAME? | AY29: =IFERROR(INDEX($R:$R,MATCH(AT29,$C:$C,FALSE)),"") -> 200000992513 | AZ29: =_xludf.ifna(INDEX($V:$V,MATCH(AT29,$C:$C,FALSE)),"") -> #NAME? | BA29: =_xludf.ifna(INDEX($W:$W,MATCH(AT29,$C:$C,FALSE)),"") -> #NAME? | BB29: =_xludf.ifna(INDEX($X:$X,MATCH(AT29,$C:$C,FALSE)),"") -> #NAME? | BC29: =_xludf.ifna(INDEX($AD:$AD,MATCH(AT29,$C:$C,FALSE)),"") -> #NAME? | BD29: =_xludf.ifna(INDEX($AE:$AE,MATCH(AT29,$C:$C,FALSE)),"") -> #NAME? | BE29: =_xludf.ifna(INDEX($AG:$AG,MATCH(AT29,$C:$C,FALSE)),"") -> #NAME? | BF29: =_xludf.ifna(INDEX($T:$T,MATCH(AT29,$C:$C,FALSE),""),"") -> #NAME? | BG29: =_xludf.ifna(INDEX($AI:$AI,MATCH(AT29,$C:$C,FALSE)),"") -> #NAME?
A30: =IF(C30=0,"",ROW()-ROW($A$2)) -> 28 | B30: 46026 | C30: GMIAMMIPT/2026/01/0009 | D30: 2L3-2S | E30: LED Work Lamp 10-30VDC 3500 lumens 48W Spot Lens Square Type | F30: 2 | G30: EA | H30: =IF(C30=0,"",IF(R30>0,"DONE","WAITING")) -> DONE | I30: H57108 | J30: HD785-7 | K30: Komatsu | N30: SUPPLY ONLY | O30: WHEEL | P30: LEO | Q30: FARID | R30: 200000986767 | S30: 46028 | T30: =IF(C30=0,"",IF(ISBLANK(S30),"WAITING","DONE")) -> DONE | U30: 46031 | V30: 9200066840 | W30: 41880 | X30: 46034 | Y30: =IF(C30=0,"",IF(V30>0,"DONE","WAITING")) -> DONE | Z30: DO 45716 | AA30: 46036 | AB30: =IF(C30=0,"",IF(Z30>0,"DONE","WAITING")) -> DONE | AD30: GMI26-0044689 | AE30: 46037 | AF30: =IF(C30=0,"",IF(ISBLANK(AD30),"WAITING","DONE")) -> DONE | AG30: 46038 | AH30: 46098 | AI30: =IF(AD30=0,"",IF(ISBLANK(AH30),"UNPAID","PAID")) -> PAID | AJ30: {=IFERROR(INDEX('[1]Master Price'!$E:$E,MATCH(D30,'[1]Master Price'!$B:$B,0)),"0")} -> 0 | AK30: =AJ30*F30 -> 0 | AL30: =IFERROR(DATEDIF(S30,T30,"d"),"0")&"-day" -> 0-day | AM30: =IFERROR(DATEDIF(S30,U30,"d"),"0")&"-day" -> 3-day | AN30: =IFERROR(DATEDIF(S30,X30,"d"),"0")&"-day" -> 6-day | AO30: =IFERROR(DATEDIF(X30,AA30,"d"),"0")&"-day" -> 2-day | AP30: =IFERROR(DATEDIF(AA30,AE30,"d"),"0")&"-day" -> 1-day | AQ30: =SUM(AL30:AP30)&"-day" -> 0-day | AS30: =IF(AT30=0,"",ROW()-ROW($AS$2)) -> 28 | AT30: GMIAMMIPT/2026/01/0993 | AU30: =_xludf.ifna(INDEX($B:$B,MATCH(AT30,$C:$C,FALSE)),"") -> #NAME? | AV30: =_xludf.ifna(INDEX($U:$U,MATCH(AT30,$C:$C,FALSE)),"") -> #NAME? | AW30: =_xludf.ifna(INDEX($Z:$Z,MATCH(AT30,$C:$C,FALSE)),"") -> #NAME? | AX30: =_xludf.ifna(INDEX($AA:$AA,MATCH(AT30,$C:$C,FALSE)),"") -> #NAME? | AY30: =IFERROR(INDEX($R:$R,MATCH(AT30,$C:$C,FALSE)),"") -> 200000992515 | AZ30: =_xludf.ifna(INDEX($V:$V,MATCH(AT30,$C:$C,FALSE)),"") -> #NAME? | BA30: =_xludf.ifna(INDEX($W:$W,MATCH(AT30,$C:$C,FALSE)),"") -> #NAME? | BB30: =_xludf.ifna(INDEX($X:$X,MATCH(AT30,$C:$C,FALSE)),"") -> #NAME? | BC30: =_xludf.ifna(INDEX($AD:$AD,MATCH(AT30,$C:$C,FALSE)),"") -> #NAME? | BD30: =_xludf.ifna(INDEX($AE:$AE,MATCH(AT30,$C:$C,FALSE)),"") -> #NAME? | BE30: =_xludf.ifna(INDEX($AG:$AG,MATCH(AT30,$C:$C,FALSE)),"") -> #NAME? | BF30: =_xludf.ifna(INDEX($T:$T,MATCH(AT30,$C:$C,FALSE),""),"") -> #NAME? | BG30: =_xludf.ifna(INDEX($AI:$AI,MATCH(AT30,$C:$C,FALSE)),"") -> #NAME?
A31: =IF(C31=0,"",ROW()-ROW($A$2)) -> 29 | B31: 46026 | C31: GMIAMMIPT/2026/01/0010 | D31: 14L-0113 | E31: Compressor Assy for HD785-7 | F31: 1 | G31: EA | H31: =IF(C31=0,"",IF(R31>0,"DONE","WAITING")) -> DONE | I31: H57053 | J31: HD785-7 | K31: Komatsu | L31: 34007 | M31: PS 2000 | N31: PS 2000 | O31: WHEEL | P31: ADITIA | Q31: DAVID | R31: 200000986766 | S31: 46028 | T31: =IF(C31=0,"",IF(ISBLANK(S31),"WAITING","DONE")) -> DONE | U31: 46031 | V31: 9200066839 | W31: 41881 | X31: 46034 | Y31: =IF(C31=0,"",IF(V31>0,"DONE","WAITING")) -> DONE | Z31: DO 45719 | AA31: 46036 | AB31: =IF(C31=0,"",IF(Z31>0,"DONE","WAITING")) -> DONE | AD31: GMI26-0044690 | AE31: 46037 | AF31: =IF(C31=0,"",IF(ISBLANK(AD31),"WAITING","DONE")) -> DONE | AG31: 46038 | AH31: 46098 | AI31: =IF(AD31=0,"",IF(ISBLANK(AH31),"UNPAID","PAID")) -> PAID | AJ31: {=IFERROR(INDEX('[1]Master Price'!$E:$E,MATCH(D31,'[1]Master Price'!$B:$B,0)),"0")} -> 0 | AK31: =AJ31*F31 -> 0 | AL31: =IFERROR(DATEDIF(S31,T31,"d"),"0")&"-day" -> 0-day | AM31: =IFERROR(DATEDIF(S31,U31,"d"),"0")&"-day" -> 3-day | AN31: =IFERROR(DATEDIF(S31,X31,"d"),"0")&"-day" -> 6-day | AO31: =IFERROR(DATEDIF(X31,AA31,"d"),"0")&"-day" -> 2-day | AP31: =IFERROR(DATEDIF(AA31,AE31,"d"),"0")&"-day" -> 1-day | AQ31: =SUM(AL31:AP31)&"-day" -> 0-day | AS31: =IF(AT31=0,"",ROW()-ROW($AS$2)) -> 29 | AT31: GMIAMMIPT/2026/01/0994 | AU31: =_xludf.ifna(INDEX($B:$B,MATCH(AT31,$C:$C,FALSE)),"") -> #NAME? | AV31: =_xludf.ifna(INDEX($U:$U,MATCH(AT31,$C:$C,FALSE)),"") -> #NAME? | AW31: =_xludf.ifna(INDEX($Z:$Z,MATCH(AT31,$C:$C,FALSE)),"") -> #NAME? | AX31: =_xludf.ifna(INDEX($AA:$AA,MATCH(AT31,$C:$C,FALSE)),"") -> #NAME? | AY31: =IFERROR(INDEX($R:$R,MATCH(AT31,$C:$C,FALSE)),"") -> 200000998764 | AZ31: =_xludf.ifna(INDEX($V:$V,MATCH(AT31,$C:$C,FALSE)),"") -> #NAME? | BA31: =_xludf.ifna(INDEX($W:$W,MATCH(AT31,$C:$C,FALSE)),"") -> #NAME? | BB31: =_xludf.ifna(INDEX($X:$X,MATCH(AT31,$C:$C,FALSE)),"") -> #NAME? | BC31: =_xludf.ifna(INDEX($AD:$AD,MATCH(AT31,$C:$C,FALSE)),"") -> #NAME? | BD31: =_xludf.ifna(INDEX($AE:$AE,MATCH(AT31,$C:$C,FALSE)),"") -> #NAME? | BE31: =_xludf.ifna(INDEX($AG:$AG,MATCH(AT31,$C:$C,FALSE)),"") -> #NAME? | BF31: =_xludf.ifna(INDEX($T:$T,MATCH(AT31,$C:$C,FALSE),""),"") -> #NAME? | BG31: =_xludf.ifna(INDEX($AI:$AI,MATCH(AT31,$C:$C,FALSE)),"") -> #NAME?
A32: =IF(C32=0,"",ROW()-ROW($A$2)) -> 30 | B32: 46026 | C32: GMIAMMIPT/2026/01/0010 | D32: 14L-0115 | E32: Kondensor | F32: 1 | G32: EA | H32: =IF(C32=0,"",IF(R32>0,"DONE","WAITING")) -> DONE | I32: H57053 | J32: HD785-7 | K32: Komatsu | L32: 34007 | M32: PS 2000 | N32: PS 2000 | O32: WHEEL | P32: ADITIA | Q32: DAVID | R32: 200000986766 | S32: 46028 | T32: =IF(C32=0,"",IF(ISBLANK(S32),"WAITING","DONE")) -> DONE | U32: 46031 | V32: 9200066839 | W32: 41881 | X32: 46034 | Y32: =IF(C32=0,"",IF(V32>0,"DONE","WAITING")) -> DONE | Z32: DO 45719 | AA32: 46036 | AB32: =IF(C32=0,"",IF(Z32>0,"DONE","WAITING")) -> DONE | AD32: GMI26-0044690 | AE32: 46037 | AF32: =IF(C32=0,"",IF(ISBLANK(AD32),"WAITING","DONE")) -> DONE | AG32: 46038 | AH32: 46098 | AI32: =IF(AD32=0,"",IF(ISBLANK(AH32),"UNPAID","PAID")) -> PAID | AJ32: {=IFERROR(INDEX('[1]Master Price'!$E:$E,MATCH(D32,'[1]Master Price'!$B:$B,0)),"0")} -> 0 | AK32: =AJ32*F32 -> 0 | AL32: =IFERROR(DATEDIF(S32,T32,"d"),"0")&"-day" -> 0-day | AM32: =IFERROR(DATEDIF(S32,U32,"d"),"0")&"-day" -> 3-day | AN32: =IFERROR(DATEDIF(S32,X32,"d"),"0")&"-day" -> 6-day | AO32: =IFERROR(DATEDIF(X32,AA32,"d"),"0")&"-day" -> 2-day | AP32: =IFERROR(DATEDIF(AA32,AE32,"d"),"0")&"-day" -> 1-day | AQ32: =SUM(AL32:AP32)&"-day" -> 0-day | AS32: =IF(AT32=0,"",ROW()-ROW($AS$2)) -> 30 | AT32: GMIAMMIPT/2026/01/0995 | AU32: =_xludf.ifna(INDEX($B:$B,MATCH(AT32,$C:$C,FALSE)),"") -> #NAME? | AV32: =_xludf.ifna(INDEX($U:$U,MATCH(AT32,$C:$C,FALSE)),"") -> #NAME? | AW32: =_xludf.ifna(INDEX($Z:$Z,MATCH(AT32,$C:$C,FALSE)),"") -> #NAME? | AX32: =_xludf.ifna(INDEX($AA:$AA,MATCH(AT32,$C:$C,FALSE)),"") -> #NAME? | AY32: =IFERROR(INDEX($R:$R,MATCH(AT32,$C:$C,FALSE)),"") -> 200000992509 | AZ32: =_xludf.ifna(INDEX($V:$V,MATCH(AT32,$C:$C,FALSE)),"") -> #NAME? | BA32: =_xludf.ifna(INDEX($W:$W,MATCH(AT32,$C:$C,FALSE)),"") -> #NAME? | BB32: =_xludf.ifna(INDEX($X:$X,MATCH(AT32,$C:$C,FALSE)),"") -> #NAME? | BC32: =_xludf.ifna(INDEX($AD:$AD,MATCH(AT32,$C:$C,FALSE)),"") -> #NAME? | BD32: =_xludf.ifna(INDEX($AE:$AE,MATCH(AT32,$C:$C,FALSE)),"") -> #NAME? | BE32: =_xludf.ifna(INDEX($AG:$AG,MATCH(AT32,$C:$C,FALSE)),"") -> #NAME? | BF32: =_xludf.ifna(INDEX($T:$T,MATCH(AT32,$C:$C,FALSE),""),"") -> #NAME? | BG32: =_xludf.ifna(INDEX($AI:$AI,MATCH(AT32,$C:$C,FALSE)),"") -> #NAME?
A33: =IF(C33=0,"",ROW()-ROW($A$2)) -> 31 | B33: 46026 | C33: GMIAMMIPT/2026/01/0010 | D33: 14L-0140 | E33: Receiver Drier | F33: 1 | G33: EA | H33: =IF(C33=0,"",IF(R33>0,"DONE","WAITING")) -> DONE | I33: H57053 | J33: HD785-7 | K33: Komatsu | L33: 34007 | M33: PS 2000 | N33: PS 2000 | O33: WHEEL | P33: ADITIA | Q33: DAVID | R33: 200000986766 | S33: 46028 | T33: =IF(C33=0,"",IF(ISBLANK(S33),"WAITING","DONE")) -> DONE | U33: 46031 | V33: 9200066839 | W33: 41881 | X33: 46034 | Y33: =IF(C33=0,"",IF(V33>0,"DONE","WAITING")) -> DONE | Z33: DO 45719 | AA33: 46036 | AB33: =IF(C33=0,"",IF(Z33>0,"DONE","WAITING")) -> DONE | AD33: GMI26-0044690 | AE33: 46037 | AF33: =IF(C33=0,"",IF(ISBLANK(AD33),"WAITING","DONE")) -> DONE | AG33: 46038 | AH33: 46098 | AI33: =IF(AD33=0,"",IF(ISBLANK(AH33),"UNPAID","PAID")) -> PAID | AJ33: {=IFERROR(INDEX('[1]Master Price'!$E:$E,MATCH(D33,'[1]Master Price'!$B:$B,0)),"0")} -> 0 | AK33: =AJ33*F33 -> 0 | AL33: =IFERROR(DATEDIF(S33,T33,"d"),"0")&"-day" -> 0-day | AM33: =IFERROR(DATEDIF(S33,U33,"d"),"0")&"-day" -> 3-day | AN33: =IFERROR(DATEDIF(S33,X33,"d"),"0")&"-day" -> 6-day | AO33: =IFERROR(DATEDIF(X33,AA33,"d"),"0")&"-day" -> 2-day | AP33: =IFERROR(DATEDIF(AA33,AE33,"d"),"0")&"-day" -> 1-day | AQ33: =SUM(AL33:AP33)&"-day" -> 0-day | AS33: =IF(AT33=0,"",ROW()-ROW($AS$2)) -> 31 | AT33: GMIAMMIPT/2026/01/0996 | AU33: =_xludf.ifna(INDEX($B:$B,MATCH(AT33,$C:$C,FALSE)),"") -> #NAME? | AV33: =_xludf.ifna(INDEX($U:$U,MATCH(AT33,$C:$C,FALSE)),"") -> #NAME? | AW33: =_xludf.ifna(INDEX($Z:$Z,MATCH(AT33,$C:$C,FALSE)),"") -> #NAME? | AX33: =_xludf.ifna(INDEX($AA:$AA,MATCH(AT33,$C:$C,FALSE)),"") -> #NAME? | AY33: =IFERROR(INDEX($R:$R,MATCH(AT33,$C:$C,FALSE)),"") -> 200000992507 | AZ33: =_xludf.ifna(INDEX($V:$V,MATCH(AT33,$C:$C,FALSE)),"") -> #NAME? | BA33: =_xludf.ifna(INDEX($W:$W,MATCH(AT33,$C:$C,FALSE)),"") -> #NAME? | BB33: =_xludf.ifna(INDEX($X:$X,MATCH(AT33,$C:$C,FALSE)),"") -> #NAME? | BC33: =_xludf.ifna(INDEX($AD:$AD,MATCH(AT33,$C:$C,FALSE)),"") -> #NAME? | BD33: =_xludf.ifna(INDEX($AE:$AE,MATCH(AT33,$C:$C,FALSE)),"") -> #NAME? | BE33: =_xludf.ifna(INDEX($AG:$AG,MATCH(AT33,$C:$C,FALSE)),"") -> #NAME? | BF33: =_xludf.ifna(INDEX($T:$T,MATCH(AT33,$C:$C,FALSE),""),"") -> #NAME? | BG33: =_xludf.ifna(INDEX($AI:$AI,MATCH(AT33,$C:$C,FALSE)),"") -> #NAME?
A34: =IF(C34=0,"",ROW()-ROW($A$2)) -> 32 | B34: 46026 | C34: GMIAMMIPT/2026/01/0010 | D34: 14L-0591 | E34: Expantion Valve HD785 | F34: 1 | G34: EA | H34: =IF(C34=0,"",IF(R34>0,"DONE","WAITING")) -> DONE | I34: H57053 | J34: HD785-7 | K34: Komatsu | L34: 34007 | M34: PS 2000 | N34: PS 2000 | O34: WHEEL | P34: ADITIA | Q34: DAVID | R34: 200000986766 | S34: 46028 | T34: =IF(C34=0,"",IF(ISBLANK(S34),"WAITING","DONE")) -> DONE | U34: 46031 | V34: 9200066839 | W34: 41881 | X34: 46034 | Y34: =IF(C34=0,"",IF(V34>0,"DONE","WAITING")) -> DONE | Z34: DO 45719 | AA34: 46036 | AB34: =IF(C34=0,"",IF(Z34>0,"DONE","WAITING")) -> DONE | AD34: GMI26-0044690 | AE34: 46037 | AF34: =IF(C34=0,"",IF(ISBLANK(AD34),"WAITING","DONE")) -> DONE | AG34: 46038 | AH34: 46098 | AI34: =IF(AD34=0,"",IF(ISBLANK(AH34),"UNPAID","PAID")) -> PAID | AJ34: {=IFERROR(INDEX('[1]Master Price'!$E:$E,MATCH(D34,'[1]Master Price'!$B:$B,0)),"0")} -> 0 | AK34: =AJ34*F34 -> 0 | AL34: =IFERROR(DATEDIF(S34,T34,"d"),"0")&"-day" -> 0-day | AM34: =IFERROR(DATEDIF(S34,U34,"d"),"0")&"-day" -> 3-day | AN34: =IFERROR(DATEDIF(S34,X34,"d"),"0")&"-day" -> 6-day | AO34: =IFERROR(DATEDIF(X34,AA34,"d"),"0")&"-day" -> 2-day | AP34: =IFERROR(DATEDIF(AA34,AE34,"d"),"0")&"-day" -> 1-day | AQ34: =SUM(AL34:AP34)&"-day" -> 0-day | AS34: =IF(AT34=0,"",ROW()-ROW($AS$2)) -> 32 | AT34: GMIAMMIPT/2026/01/0997 | AU34: =_xludf.ifna(INDEX($B:$B,MATCH(AT34,$C:$C,FALSE)),"") -> #NAME? | AV34: =_xludf.ifna(INDEX($U:$U,MATCH(AT34,$C:$C,FALSE)),"") -> #NAME? | AW34: =_xludf.ifna(INDEX($Z:$Z,MATCH(AT34,$C:$C,FALSE)),"") -> #NAME? | AX34: =_xludf.ifna(INDEX($AA:$AA,MATCH(AT34,$C:$C,FALSE)),"") -> #NAME? | AY34: =IFERROR(INDEX($R:$R,MATCH(AT34,$C:$C,FALSE)),"") -> 200000992501 | AZ34: =_xludf.ifna(INDEX($V:$V,MATCH(AT34,$C:$C,FALSE)),"") -> #NAME? | BA34: =_xludf.ifna(INDEX($W:$W,MATCH(AT34,$C:$C,FALSE)),"") -> #NAME? | BB34: =_xludf.ifna(INDEX($X:$X,MATCH(AT34,$C:$C,FALSE)),"") -> #NAME? | BC34: =_xludf.ifna(INDEX($AD:$AD,MATCH(AT34,$C:$C,FALSE)),"") -> #NAME? | BD34: =_xludf.ifna(INDEX($AE:$AE,MATCH(AT34,$C:$C,FALSE)),"") -> #NAME? | BE34: =_xludf.ifna(INDEX($AG:$AG,MATCH(AT34,$C:$C,FALSE)),"") -> #NAME? | BF34: =_xludf.ifna(INDEX($T:$T,MATCH(AT34,$C:$C,FALSE),""),"") -> #NAME? | BG34: =_xludf.ifna(INDEX($AI:$AI,MATCH(AT34,$C:$C,FALSE)),"") -> #NAME?
A35: =IF(C35=0,"",ROW()-ROW($A$2)) -> 33 | B35: 46026 | C35: GMIAMMIPT/2026/01/0010 | D35: 14L-0143-1 | E35: Core Valve R134 | F35: 1 | G35: EA | H35: =IF(C35=0,"",IF(R35>0,"DONE","WAITING")) -> DONE | I35: H57053 | J35: HD785-7 | K35: Komatsu | L35: 34007 | M35: PS 2000 | N35: PS 2000 | O35: WHEEL | P35: ADITIA | Q35: DAVID | R35: 200000986766 | S35: 46028 | T35: =IF(C35=0,"",IF(ISBLANK(S35),"WAITING","DONE")) -> DONE | U35: 46031 | V35: 9200066839 | W35: 41881 | X35: 46034 | Y35: =IF(C35=0,"",IF(V35>0,"DONE","WAITING")) -> DONE | Z35: DO 45719 | AA35: 46036 | AB35: =IF(C35=0,"",IF(Z35>0,"DONE","WAITING")) -> DONE | AD35: GMI26-0044690 | AE35: 46037 | AF35: =IF(C35=0,"",IF(ISBLANK(AD35),"WAITING","DONE")) -> DONE | AG35: 46038 | AH35: 46098 | AI35: =IF(AD35=0,"",IF(ISBLANK(AH35),"UNPAID","PAID")) -> PAID | AJ35: {=IFERROR(INDEX('[1]Master Price'!$E:$E,MATCH(D35,'[1]Master Price'!$B:$B,0)),"0")} -> 0 | AK35: =AJ35*F35 -> 0 | AL35: =IFERROR(DATEDIF(S35,T35,"d"),"0")&"-day" -> 0-day | AM35: =IFERROR(DATEDIF(S35,U35,"d"),"0")&"-day" -> 3-day | AN35: =IFERROR(DATEDIF(S35,X35,"d"),"0")&"-day" -> 6-day | AO35: =IFERROR(DATEDIF(X35,AA35,"d"),"0")&"-day" -> 2-day | AP35: =IFERROR(DATEDIF(AA35,AE35,"d"),"0")&"-day" -> 1-day | AQ35: =SUM(AL35:AP35)&"-day" -> 0-day | AS35: =IF(AT35=0,"",ROW()-ROW($AS$2)) -> 33 | AT35: GMIAMMIPT/2026/01/0998 | AU35: =_xludf.ifna(INDEX($B:$B,MATCH(AT35,$C:$C,FALSE)),"") -> #NAME? | AV35: =_xludf.ifna(INDEX($U:$U,MATCH(AT35,$C:$C,FALSE)),"") -> #NAME? | AW35: =_xludf.ifna(INDEX($Z:$Z,MATCH(AT35,$C:$C,FALSE)),"") -> #NAME? | AX35: =_xludf.ifna(INDEX($AA:$AA,MATCH(AT35,$C:$C,FALSE)),"") -> #NAME? | AY35: =IFERROR(INDEX($R:$R,MATCH(AT35,$C:$C,FALSE)),"") -> 200000992498 | AZ35: =_xludf.ifna(INDEX($V:$V,MATCH(AT35,$C:$C,FALSE)),"") -> #NAME? | BA35: =_xludf.ifna(INDEX($W:$W,MATCH(AT35,$C:$C,FALSE)),"") -> #NAME? | BB35: =_xludf.ifna(INDEX($X:$X,MATCH(AT35,$C:$C,FALSE)),"") -> #NAME? | BC35: =_xludf.ifna(INDEX($AD:$AD,MATCH(AT35,$C:$C,FALSE)),"") -> #NAME? | BD35: =_xludf.ifna(INDEX($AE:$AE,MATCH(AT35,$C:$C,FALSE)),"") -> #NAME? | BE35: =_xludf.ifna(INDEX($AG:$AG,MATCH(AT35,$C:$C,FALSE)),"") -> #NAME? | BF35: =_xludf.ifna(INDEX($T:$T,MATCH(AT35,$C:$C,FALSE),""),"") -> #NAME? | BG35: =_xludf.ifna(INDEX($AI:$AI,MATCH(AT35,$C:$C,FALSE)),"") -> #NAME?
A36: =IF(C36=0,"",ROW()-ROW($A$2)) -> 34 | B36: 46026 | C36: GMIAMMIPT/2026/01/0010 | D36: 14L-0592 | E36: Hose HD JA411-A1510 Sanden | F36: 1 | G36: EA | H36: =IF(C36=0,"",IF(R36>0,"DONE","WAITING")) -> DONE | I36: H57053 | J36: HD785-7 | K36: Komatsu | L36: 34007 | M36: PS 2000 | N36: PS 2000 | O36: WHEEL | P36: ADITIA | Q36: DAVID | R36: 200000986766 | S36: 46028 | T36: =IF(C36=0,"",IF(ISBLANK(S36),"WAITING","DONE")) -> DONE | U36: 46031 | V36: 9200066839 | W36: 41881 | X36: 46034 | Y36: =IF(C36=0,"",IF(V36>0,"DONE","WAITING")) -> DONE | Z36: DO 45719 | AA36: 46036 | AB36: =IF(C36=0,"",IF(Z36>0,"DONE","WAITING")) -> DONE | AD36: GMI26-0044690 | AE36: 46037 | AF36: =IF(C36=0,"",IF(ISBLANK(AD36),"WAITING","DONE")) -> DONE | AG36: 46038 | AH36: 46098 | AI36: =IF(AD36=0,"",IF(ISBLANK(AH36),"UNPAID","PAID")) -> PAID | AJ36: {=IFERROR(INDEX('[1]Master Price'!$E:$E,MATCH(D36,'[1]Master Price'!$B:$B,0)),"0")} -> 0 | AK36: =AJ36*F36 -> 0 | AL36: =IFERROR(DATEDIF(S36,T36,"d"),"0")&"-day" -> 0-day | AM36: =IFERROR(DATEDIF(S36,U36,"d"),"0")&"-day" -> 3-day | AN36: =IFERROR(DATEDIF(S36,X36,"d"),"0")&"-day" -> 6-day | AO36: =IFERROR(DATEDIF(X36,AA36,"d"),"0")&"-day" -> 2-day | AP36: =IFERROR(DATEDIF(AA36,AE36,"d"),"0")&"-day" -> 1-day | AQ36: =SUM(AL36:AP36)&"-day" -> 0-day | AS36: =IF(AT36=0,"",ROW()-ROW($AS$2)) -> 34 | AT36: GMIAMMIPT/2026/01/0999 | AU36: =_xludf.ifna(INDEX($B:$B,MATCH(AT36,$C:$C,FALSE)),"") -> #NAME? | AV36: =_xludf.ifna(INDEX($U:$U,MATCH(AT36,$C:$C,FALSE)),"") -> #NAME? | AW36: =_xludf.ifna(INDEX($Z:$Z,MATCH(AT36,$C:$C,FALSE)),"") -> #NAME? | AX36: =_xludf.ifna(INDEX($AA:$AA,MATCH(AT36,$C:$C,FALSE)),"") -> #NAME? | AY36: =IFERROR(INDEX($R:$R,MATCH(AT36,$C:$C,FALSE)),"") -> 200000992491 | AZ36: =_xludf.ifna(INDEX($V:$V,MATCH(AT36,$C:$C,FALSE)),"") -> #NAME? | BA36: =_xludf.ifna(INDEX($W:$W,MATCH(AT36,$C:$C,FALSE)),"") -> #NAME? | BB36: =_xludf.ifna(INDEX($X:$X,MATCH(AT36,$C:$C,FALSE)),"") -> #NAME? | BC36: =_xludf.ifna(INDEX($AD:$AD,MATCH(AT36,$C:$C,FALSE)),"") -> #NAME? | BD36: =_xludf.ifna(INDEX($AE:$AE,MATCH(AT36,$C:$C,FALSE)),"") -> #NAME? | BE36: =_xludf.ifna(INDEX($AG:$AG,MATCH(AT36,$C:$C,FALSE)),"") -> #NAME? | BF36: =_xludf.ifna(INDEX($T:$T,MATCH(AT36,$C:$C,FALSE),""),"") -> #NAME? | BG36: =_xludf.ifna(INDEX($AI:$AI,MATCH(AT36,$C:$C,FALSE)),"") -> #NAME?
A37: =IF(C37=0,"",ROW()-ROW($A$2)) -> 35 | B37: 46026 | C37: GMIAMMIPT/2026/01/0010 | D37: 14L-0094-F | E37: THERMOSTAT FUJIN | F37: 1 | G37: EA | H37: =IF(C37=0,"",IF(R37>0,"DONE","WAITING")) -> DONE | I37: H57053 | J37: HD785-7 | K37: Komatsu | L37: 34007 | M37: PS 2000 | N37: PS 2000 | O37: WHEEL | P37: ADITIA | Q37: DAVID | R37: 200000986766 | S37: 46028 | T37: =IF(C37=0,"",IF(ISBLANK(S37),"WAITING","DONE")) -> DONE | U37: 46031 | V37: 9200066839 | W37: 41881 | X37: 46034 | Y37: =IF(C37=0,"",IF(V37>0,"DONE","WAITING")) -> DONE | Z37: DO 45719 | AA37: 46036 | AB37: =IF(C37=0,"",IF(Z37>0,"DONE","WAITING")) -> DONE | AD37: GMI26-0044690 | AE37: 46037 | AF37: =IF(C37=0,"",IF(ISBLANK(AD37),"WAITING","DONE")) -> DONE | AG37: 46038 | AH37: 46098 | AI37: =IF(AD37=0,"",IF(ISBLANK(AH37),"UNPAID","PAID")) -> PAID | AJ37: {=IFERROR(INDEX('[1]Master Price'!$E:$E,MATCH(D37,'[1]Master Price'!$B:$B,0)),"0")} -> 0 | AK37: =AJ37*F37 -> 0 | AL37: =IFERROR(DATEDIF(S37,T37,"d"),"0")&"-day" -> 0-day | AM37: =IFERROR(DATEDIF(S37,U37,"d"),"0")&"-day" -> 3-day | AN37: =IFERROR(DATEDIF(S37,X37,"d"),"0")&"-day" -> 6-day | AO37: =IFERROR(DATEDIF(X37,AA37,"d"),"0")&"-day" -> 2-day | AP37: =IFERROR(DATEDIF(AA37,AE37,"d"),"0")&"-day" -> 1-day | AQ37: =SUM(AL37:AP37)&"-day" -> 0-day | AS37: =IF(AT37=0,"",ROW()-ROW($AS$2)) -> 35 | AT37: GMIAMMIPT/2026/01/1000 | AU37: =_xludf.ifna(INDEX($B:$B,MATCH(AT37,$C:$C,FALSE)),"") -> #NAME? | AV37: =_xludf.ifna(INDEX($U:$U,MATCH(AT37,$C:$C,FALSE)),"") -> #NAME? | AW37: =_xludf.ifna(INDEX($Z:$Z,MATCH(AT37,$C:$C,FALSE)),"") -> #NAME? | AX37: =_xludf.ifna(INDEX($AA:$AA,MATCH(AT37,$C:$C,FALSE)),"") -> #NAME? | AY37: =IFERROR(INDEX($R:$R,MATCH(AT37,$C:$C,FALSE)),"") -> 200000992520 | AZ37: =_xludf.ifna(INDEX($V:$V,MATCH(AT37,$C:$C,FALSE)),"") -> #NAME? | BA37: =_xludf.ifna(INDEX($W:$W,MATCH(AT37,$C:$C,FALSE)),"") -> #NAME? | BB37: =_xludf.ifna(INDEX($X:$X,MATCH(AT37,$C:$C,FALSE)),"") -> #NAME? | BC37: =_xludf.ifna(INDEX($AD:$AD,MATCH(AT37,$C:$C,FALSE)),"") -> #NAME? | BD37: =_xludf.ifna(INDEX($AE:$AE,MATCH(AT37,$C:$C,FALSE)),"") -> #NAME? | BE37: =_xludf.ifna(INDEX($AG:$AG,MATCH(AT37,$C:$C,FALSE)),"") -> #NAME? | BF37: =_xludf.ifna(INDEX($T:$T,MATCH(AT37,$C:$C,FALSE),""),"") -> #NAME? | BG37: =_xludf.ifna(INDEX($AI:$AI,MATCH(AT37,$C:$C,FALSE)),"") -> #NAME?
A38: =IF(C38=0,"",ROW()-ROW($A$2)) -> 36 | B38: 46026 | C38: GMIAMMIPT/2026/01/0010 | D38: 6L1-16-1 | E38: Vinyl Insulated Male Blade Terminal blue 4mm | F38: 10 | G38: EA | H38: =IF(C38=0,"",IF(R38>0,"DONE","WAITING")) -> DONE | I38: H57053 | J38: HD785-7 | K38: Komatsu | L38: 34007 | M38: PS 2000 | N38: PS 2000 | O38: WHEEL | P38: ADITIA | Q38: DAVID | R38: 200000986766 | S38: 46028 | T38: =IF(C38=0,"",IF(ISBLANK(S38),"WAITING","DONE")) -> DONE | U38: 46031 | V38: 9200066839 | W38: 41881 | X38: 46034 | Y38: =IF(C38=0,"",IF(V38>0,"DONE","WAITING")) -> DONE | Z38: DO 45719 | AA38: 46036 | AB38: =IF(C38=0,"",IF(Z38>0,"DONE","WAITING")) -> DONE | AD38: GMI26-0044690 | AE38: 46037 | AF38: =IF(C38=0,"",IF(ISBLANK(AD38),"WAITING","DONE")) -> DONE | AG38: 46038 | AH38: 46098 | AI38: =IF(AD38=0,"",IF(ISBLANK(AH38),"UNPAID","PAID")) -> PAID | AJ38: {=IFERROR(INDEX('[1]Master Price'!$E:$E,MATCH(D38,'[1]Master Price'!$B:$B,0)),"0")} -> 0 | AK38: =AJ38*F38 -> 0 | AL38: =IFERROR(DATEDIF(S38,T38,"d"),"0")&"-day" -> 0-day | AM38: =IFERROR(DATEDIF(S38,U38,"d"),"0")&"-day" -> 3-day | AN38: =IFERROR(DATEDIF(S38,X38,"d"),"0")&"-day" -> 6-day | AO38: =IFERROR(DATEDIF(X38,AA38,"d"),"0")&"-day" -> 2-day | AP38: =IFERROR(DATEDIF(AA38,AE38,"d"),"0")&"-day" -> 1-day | AQ38: =SUM(AL38:AP38)&"-day" -> 0-day | AS38: =IF(AT38=0,"",ROW()-ROW($AS$2)) -> 36 | AT38: GMIAMMIPT/2026/01/1001 | AU38: =_xludf.ifna(INDEX($B:$B,MATCH(AT38,$C:$C,FALSE)),"") -> #NAME? | AV38: =_xludf.ifna(INDEX($U:$U,MATCH(AT38,$C:$C,FALSE)),"") -> #NAME? | AW38: =_xludf.ifna(INDEX($Z:$Z,MATCH(AT38,$C:$C,FALSE)),"") -> #NAME? | AX38: =_xludf.ifna(INDEX($AA:$AA,MATCH(AT38,$C:$C,FALSE)),"") -> #NAME? | AY38: =IFERROR(INDEX($R:$R,MATCH(AT38,$C:$C,FALSE)),"") -> 200000992487 | AZ38: =_xludf.ifna(INDEX($V:$V,MATCH(AT38,$C:$C,FALSE)),"") -> #NAME? | BA38: =_xludf.ifna(INDEX($W:$W,MATCH(AT38,$C:$C,FALSE)),"") -> #NAME? | BB38: =_xludf.ifna(INDEX($X:$X,MATCH(AT38,$C:$C,FALSE)),"") -> #NAME? | BC38: =_xludf.ifna(INDEX($AD:$AD,MATCH(AT38,$C:$C,FALSE)),"") -> #NAME? | BD38: =_xludf.ifna(INDEX($AE:$AE,MATCH(AT38,$C:$C,FALSE)),"") -> #NAME? | BE38: =_xludf.ifna(INDEX($AG:$AG,MATCH(AT38,$C:$C,FALSE)),"") -> #NAME? | BF38: =_xludf.ifna(INDEX($T:$T,MATCH(AT38,$C:$C,FALSE),""),"") -> #NAME? | BG38: =_xludf.ifna(INDEX($AI:$AI,MATCH(AT38,$C:$C,FALSE)),"") -> #NAME?
A39: =IF(C39=0,"",ROW()-ROW($A$2)) -> 37 | B39: 46026 | C39: GMIAMMIPT/2026/01/0011 | D39: 14L-0113 | E39: Compressor Assy for HD785-7 | F39: 1 | G39: EA | H39: =IF(C39=0,"",IF(R39>0,"DONE","WAITING")) -> DONE | I39: H57206 | J39: HD785-7 | K39: Komatsu | L39: 6013 | M39: PS 2000 | N39: PS 2000 | O39: WHEEL | P39: DHIMAS | Q39: DAVID | R39: 200000986763 | S39: 46028 | T39: =IF(C39=0,"",IF(ISBLANK(S39),"WAITING","DONE")) -> DONE | U39: 46031 | V39: 9200066830 | W39: 41884 | X39: 46034 | Y39: =IF(C39=0,"",IF(V39>0,"DONE","WAITING")) -> DONE | Z39: DO 45722 | AA39: 46036 | AB39: =IF(C39=0,"",IF(Z39>0,"DONE","WAITING")) -> DONE | AD39: GMI26-0044691 | AE39: 46037 | AF39: =IF(C39=0,"",IF(ISBLANK(AD39),"WAITING","DONE")) -> DONE | AG39: 46038 | AH39: 46098 | AI39: =IF(AD39=0,"",IF(ISBLANK(AH39),"UNPAID","PAID")) -> PAID | AJ39: {=IFERROR(INDEX('[1]Master Price'!$E:$E,MATCH(D39,'[1]Master Price'!$B:$B,0)),"0")} -> 0 | AK39: =AJ39*F39 -> 0 | AL39: =IFERROR(DATEDIF(S39,T39,"d"),"0")&"-day" -> 0-day | AM39: =IFERROR(DATEDIF(S39,U39,"d"),"0")&"-day" -> 3-day | AN39: =IFERROR(DATEDIF(S39,X39,"d"),"0")&"-day" -> 6-day | AO39: =IFERROR(DATEDIF(X39,AA39,"d"),"0")&"-day" -> 2-day | AP39: =IFERROR(DATEDIF(AA39,AE39,"d"),"0")&"-day" -> 1-day | AQ39: =SUM(AL39:AP39)&"-day" -> 0-day | AS39: =IF(AT39=0,"",ROW()-ROW($AS$2)) -> 37 | AT39: GMIAMMIPT/2026/01/1002 | AU39: =_xludf.ifna(INDEX($B:$B,MATCH(AT39,$C:$C,FALSE)),"") -> #NAME? | AV39: =_xludf.ifna(INDEX($U:$U,MATCH(AT39,$C:$C,FALSE)),"") -> #NAME? | AW39: =_xludf.ifna(INDEX($Z:$Z,MATCH(AT39,$C:$C,FALSE)),"") -> #NAME? | AX39: =_xludf.ifna(INDEX($AA:$AA,MATCH(AT39,$C:$C,FALSE)),"") -> #NAME? | AY39: =IFERROR(INDEX($R:$R,MATCH(AT39,$C:$C,FALSE)),"") -> 200000992573 | AZ39: =_xludf.ifna(INDEX($V:$V,MATCH(AT39,$C:$C,FALSE)),"") -> #NAME? | BA39: =_xludf.ifna(INDEX($W:$W,MATCH(AT39,$C:$C,FALSE)),"") -> #NAME? | BB39: =_xludf.ifna(INDEX($X:$X,MATCH(AT39,$C:$C,FALSE)),"") -> #NAME? | BC39: =_xludf.ifna(INDEX($AD:$AD,MATCH(AT39,$C:$C,FALSE)),"") -> #NAME? | BD39: =_xludf.ifna(INDEX($AE:$AE,MATCH(AT39,$C:$C,FALSE)),"") -> #NAME? | BE39: =_xludf.ifna(INDEX($AG:$AG,MATCH(AT39,$C:$C,FALSE)),"") -> #NAME? | BF39: =_xludf.ifna(INDEX($T:$T,MATCH(AT39,$C:$C,FALSE),""),"") -> #NAME? | BG39: =_xludf.ifna(INDEX($AI:$AI,MATCH(AT39,$C:$C,FALSE)),"") -> #NAME?
A40: =IF(C40=0,"",ROW()-ROW($A$2)) -> 38 | B40: 46026 | C40: GMIAMMIPT/2026/01/0011 | D40: 14L-0115 | E40: Kondensor | F40: 1 | G40: EA | H40: =IF(C40=0,"",IF(R40>0,"DONE","WAITING")) -> DONE | I40: H57206 | J40: HD785-7 | K40: Komatsu | L40: 6013 | M40: PS 2000 | N40: PS 2000 | O40: WHEEL | P40: DHIMAS | Q40: DAVID | R40: 200000986763 | S40: 46028 | T40: =IF(C40=0,"",IF(ISBLANK(S40),"WAITING","DONE")) -> DONE | U40: 46031 | V40: 9200066830 | W40: 41884 | X40: 46034 | Y40: =IF(C40=0,"",IF(V40>0,"DONE","WAITING")) -> DONE | Z40: DO 45722 | AA40: 46036 | AB40: =IF(C40=0,"",IF(Z40>0,"DONE","WAITING")) -> DONE | AD40: GMI26-0044691 | AE40: 46037 | AF40: =IF(C40=0,"",IF(ISBLANK(AD40),"WAITING","DONE")) -> DONE | AG40: 46038 | AH40: 46098 | AI40: =IF(AD40=0,"",IF(ISBLANK(AH40),"UNPAID","PAID")) -> PAID | AJ40: {=IFERROR(INDEX('[1]Master Price'!$E:$E,MATCH(D40,'[1]Master Price'!$B:$B,0)),"0")} -> 0 | AK40: =AJ40*F40 -> 0 | AL40: =IFERROR(DATEDIF(S40,T40,"d"),"0")&"-day" -> 0-day | AM40: =IFERROR(DATEDIF(S40,U40,"d"),"0")&"-day" -> 3-day | AN40: =IFERROR(DATEDIF(S40,X40,"d"),"0")&"-day" -> 6-day | AO40: =IFERROR(DATEDIF(X40,AA40,"d"),"0")&"-day" -> 2-day | AP40: =IFERROR(DATEDIF(AA40,AE40,"d"),"0")&"-day" -> 1-day | AQ40: =SUM(AL40:AP40)&"-day" -> 0-day | AS40: =IF(AT40=0,"",ROW()-ROW($AS$2)) -> 38 | AT40: GMIAMMIPT/2026/01/1003 | AU40: =_xludf.ifna(INDEX($B:$B,MATCH(AT40,$C:$C,FALSE)),"") -> #NAME? | AV40: =_xludf.ifna(INDEX($U:$U,MATCH(AT40,$C:$C,FALSE)),"") -> #NAME? | AW40: =_xludf.ifna(INDEX($Z:$Z,MATCH(AT40,$C:$C,FALSE)),"") -> #NAME? | AX40: =_xludf.ifna(INDEX($AA:$AA,MATCH(AT40,$C:$C,FALSE)),"") -> #NAME? | AY40: =IFERROR(INDEX($R:$R,MATCH(AT40,$C:$C,FALSE)),"") -> 200000992576 | AZ40: =_xludf.ifna(INDEX($V:$V,MATCH(AT40,$C:$C,FALSE)),"") -> #NAME? | BA40: =_xludf.ifna(INDEX($W:$W,MATCH(AT40,$C:$C,FALSE)),"") -> #NAME? | BB40: =_xludf.ifna(INDEX($X:$X,MATCH(AT40,$C:$C,FALSE)),"") -> #NAME? | BC40: =_xludf.ifna(INDEX($AD:$AD,MATCH(AT40,$C:$C,FALSE)),"") -> #NAME? | BD40: =_xludf.ifna(INDEX($AE:$AE,MATCH(AT40,$C:$C,FALSE)),"") -> #NAME? | BE40: =_xludf.ifna(INDEX($AG:$AG,MATCH(AT40,$C:$C,FALSE)),"") -> #NAME? | BF40: =_xludf.ifna(INDEX($T:$T,MATCH(AT40,$C:$C,FALSE),""),"") -> #NAME? | BG40: =_xludf.ifna(INDEX($AI:$AI,MATCH(AT40,$C:$C,FALSE)),"") -> #NAME?
A41: =IF(C41=0,"",ROW()-ROW($A$2)) -> 39 | B41: 46026 | C41: GMIAMMIPT/2026/01/0011 | D41: 14L-0143-1 | E41: Core Valve R134 | F41: 2 | G41: EA | H41: =IF(C41=0,"",IF(R41>0,"DONE","WAITING")) -> DONE | I41: H57206 | J41: HD785-7 | K41: Komatsu | L41: 6013 | M41: PS 2000 | N41: PS 2000 | O41: WHEEL | P41: DHIMAS | Q41: DAVID | R41: 200000986763 | S41: 46028 | T41: =IF(C41=0,"",IF(ISBLANK(S41),"WAITING","DONE")) -> DONE | U41: 46031 | V41: 9200066830 | W41: 41884 | X41: 46034 | Y41: =IF(C41=0,"",IF(V41>0,"DONE","WAITING")) -> DONE | Z41: DO 45722 | AA41: 46036 | AB41: =IF(C41=0,"",IF(Z41>0,"DONE","WAITING")) -> DONE | AD41: GMI26-0044691 | AE41: 46037 | AF41: =IF(C41=0,"",IF(ISBLANK(AD41),"WAITING","DONE")) -> DONE | AG41: 46038 | AH41: 46098 | AI41: =IF(AD41=0,"",IF(ISBLANK(AH41),"UNPAID","PAID")) -> PAID | AJ41: {=IFERROR(INDEX('[1]Master Price'!$E:$E,MATCH(D41,'[1]Master Price'!$B:$B,0)),"0")} -> 0 | AK41: =AJ41*F41 -> 0 | AL41: =IFERROR(DATEDIF(S41,T41,"d"),"0")&"-day" -> 0-day | AM41: =IFERROR(DATEDIF(S41,U41,"d"),"0")&"-day" -> 3-day | AN41: =IFERROR(DATEDIF(S41,X41,"d"),"0")&"-day" -> 6-day | AO41: =IFERROR(DATEDIF(X41,AA41,"d"),"0")&"-day" -> 2-day | AP41: =IFERROR(DATEDIF(AA41,AE41,"d"),"0")&"-day" -> 1-day | AQ41: =SUM(AL41:AP41)&"-day" -> 0-day | AS41: =IF(AT41=0,"",ROW()-ROW($AS$2)) -> 39 | AT41: GMIAMMIPT/2026/01/1004 | AU41: =_xludf.ifna(INDEX($B:$B,MATCH(AT41,$C:$C,FALSE)),"") -> #NAME? | AV41: =_xludf.ifna(INDEX($U:$U,MATCH(AT41,$C:$C,FALSE)),"") -> #NAME? | AW41: =_xludf.ifna(INDEX($Z:$Z,MATCH(AT41,$C:$C,FALSE)),"") -> #NAME? | AX41: =_xludf.ifna(INDEX($AA:$AA,MATCH(AT41,$C:$C,FALSE)),"") -> #NAME? | AY41: =IFERROR(INDEX($R:$R,MATCH(AT41,$C:$C,FALSE)),"") -> 200000992578 | AZ41: =_xludf.ifna(INDEX($V:$V,MATCH(AT41,$C:$C,FALSE)),"") -> #NAME? | BA41: =_xludf.ifna(INDEX($W:$W,MATCH(AT41,$C:$C,FALSE)),"") -> #NAME? | BB41: =_xludf.ifna(INDEX($X:$X,MATCH(AT41,$C:$C,FALSE)),"") -> #NAME? | BC41: =_xludf.ifna(INDEX($AD:$AD,MATCH(AT41,$C:$C,FALSE)),"") -> #NAME? | BD41: =_xludf.ifna(INDEX($AE:$AE,MATCH(AT41,$C:$C,FALSE)),"") -> #NAME? | BE41: =_xludf.ifna(INDEX($AG:$AG,MATCH(AT41,$C:$C,FALSE)),"") -> #NAME? | BF41: =_xludf.ifna(INDEX($T:$T,MATCH(AT41,$C:$C,FALSE),""),"") -> #NAME? | BG41: =_xludf.ifna(INDEX($AI:$AI,MATCH(AT41,$C:$C,FALSE)),"") -> #NAME?
A42: =IF(C42=0,"",ROW()-ROW($A$2)) -> 40 | B42: 46026 | C42: GMIAMMIPT/2026/01/0011 | D42: 14L-0142-D | E42: Cap Core Valve High and Low | F42: 2 | G42: EA | H42: =IF(C42=0,"",IF(R42>0,"DONE","WAITING")) -> DONE | I42: H57206 | J42: HD785-7 | K42: Komatsu | L42: 6013 | M42: PS 2000 | N42: PS 2000 | O42: WHEEL | P42: DHIMAS | Q42: DAVID | R42: 200000986763 | S42: 46028 | T42: =IF(C42=0,"",IF(ISBLANK(S42),"WAITING","DONE")) -> DONE | U42: 46031 | V42: 9200066830 | W42: 41884 | X42: 46034 | Y42: =IF(C42=0,"",IF(V42>0,"DONE","WAITING")) -> DONE | Z42: DO 45722 | AA42: 46036 | AB42: =IF(C42=0,"",IF(Z42>0,"DONE","WAITING")) -> DONE | AD42: GMI26-0044691 | AE42: 46037 | AF42: =IF(C42=0,"",IF(ISBLANK(AD42),"WAITING","DONE")) -> DONE | AG42: 46038 | AH42: 46098 | AI42: =IF(AD42=0,"",IF(ISBLANK(AH42),"UNPAID","PAID")) -> PAID | AJ42: {=IFERROR(INDEX('[1]Master Price'!$E:$E,MATCH(D42,'[1]Master Price'!$B:$B,0)),"0")} -> 0 | AK42: =AJ42*F42 -> 0 | AL42: =IFERROR(DATEDIF(S42,T42,"d"),"0")&"-day" -> 0-day | AM42: =IFERROR(DATEDIF(S42,U42,"d"),"0")&"-day" -> 3-day | AN42: =IFERROR(DATEDIF(S42,X42,"d"),"0")&"-day" -> 6-day | AO42: =IFERROR(DATEDIF(X42,AA42,"d"),"0")&"-day" -> 2-day | AP42: =IFERROR(DATEDIF(AA42,AE42,"d"),"0")&"-day" -> 1-day | AQ42: =SUM(AL42:AP42)&"-day" -> 0-day | AS42: =IF(AT42=0,"",ROW()-ROW($AS$2)) -> 40 | AT42: GMIAMMIPT/2026/01/1005 | AU42: =_xludf.ifna(INDEX($B:$B,MATCH(AT42,$C:$C,FALSE)),"") -> #NAME? | AV42: =_xludf.ifna(INDEX($U:$U,MATCH(AT42,$C:$C,FALSE)),"") -> #NAME? | AW42: =_xludf.ifna(INDEX($Z:$Z,MATCH(AT42,$C:$C,FALSE)),"") -> #NAME? | AX42: =_xludf.ifna(INDEX($AA:$AA,MATCH(AT42,$C:$C,FALSE)),"") -> #NAME? | AY42: =IFERROR(INDEX($R:$R,MATCH(AT42,$C:$C,FALSE)),"") -> 200000992579 | AZ42: =_xludf.ifna(INDEX($V:$V,MATCH(AT42,$C:$C,FALSE)),"") -> #NAME? | BA42: =_xludf.ifna(INDEX($W:$W,MATCH(AT42,$C:$C,FALSE)),"") -> #NAME? | BB42: =_xludf.ifna(INDEX($X:$X,MATCH(AT42,$C:$C,FALSE)),"") -> #NAME? | BC42: =_xludf.ifna(INDEX($AD:$AD,MATCH(AT42,$C:$C,FALSE)),"") -> #NAME? | BD42: =_xludf.ifna(INDEX($AE:$AE,MATCH(AT42,$C:$C,FALSE)),"") -> #NAME? | BE42: =_xludf.ifna(INDEX($AG:$AG,MATCH(AT42,$C:$C,FALSE)),"") -> #NAME? | BF42: =_xludf.ifna(INDEX($T:$T,MATCH(AT42,$C:$C,FALSE),""),"") -> #NAME? | BG42: =_xludf.ifna(INDEX($AI:$AI,MATCH(AT42,$C:$C,FALSE)),"") -> #NAME?
... A56: =IF(C56=0,"",ROW()-ROW($A$2)) -> 54 | B56: 46026 | C56: GMIAMMIPT/2026/01/0013 | D56: 11L-2103 | E56: Aerotape | F56: 2 | G56: EA | H56: =IF(C56=0,"",IF(R56>0,"DONE","WAITING")) -> DONE | I56: C77055 | J56: CAT 777E | K56: Caterpillar | L56: 9526 | M56: PS 500 | N56: PS 500 | O56: WHEEL | P56: LEO | Q56: UJANG | R56: 200000986757 | S56: 46028 | T56: =IF(C56=0,"",IF(ISBLANK(S56),"WAITING","DONE")) -> DONE | U56: 46031 | V56: 9200066833 | W56: 41882 | X56: 46034 | Y56: =IF(C56=0,"",IF(V56>0,"DONE","WAITING")) -> DONE | Z56: DO 45720 | AA56: 46036 | AB56: =IF(C56=0,"",IF(Z56>0,"DONE","WAITING")) -> DONE | AD56: GMI26-0044693 | AE56: 46037 | AF56: =IF(C56=0,"",IF(ISBLANK(AD56),"WAITING","DONE")) -> DONE | AG56: 46038 | AH56: 46098 | AI56: =IF(AD56=0,"",IF(ISBLANK(AH56),"UNPAID","PAID")) -> PAID | AJ56: {=IFERROR(INDEX('[1]Master Price'!$E:$E,MATCH(D56,'[1]Master Price'!$B:$B,0)),"0")} -> 0 | AK56: =AJ56*F56 -> 0 | AL56: =IFERROR(DATEDIF(S56,T56,"d"),"0")&"-day" -> 0-day | AM56: =IFERROR(DATEDIF(S56,U56,"d"),"0")&"-day" -> 3-day | AN56: =IFERROR(DATEDIF(S56,X56,"d"),"0")&"-day" -> 6-day | AO56: =IFERROR(DATEDIF(X56,AA56,"d"),"0")&"-day" -> 2-day | AP56: =IFERROR(DATEDIF(AA56,AE56,"d"),"0")&"-day" -> 1-day | AQ56: =SUM(AL56:AP56)&"-day" -> 0-day | AS56: =IF(AT56=0,"",ROW()-ROW($AS$2)) -> 54 | AT56: GMIAMMIPT/2026/01/1019 | AU56: =_xludf.ifna(INDEX($B:$B,MATCH(AT56,$C:$C,FALSE)),"") -> #NAME? | AV56: =_xludf.ifna(INDEX($U:$U,MATCH(AT56,$C:$C,FALSE)),"") -> #NAME? | AW56: =_xludf.ifna(INDEX($Z:$Z,MATCH(AT56,$C:$C,FALSE)),"") -> #NAME? | AX56: =_xludf.ifna(INDEX($AA:$AA,MATCH(AT56,$C:$C,FALSE)),"") -> #NAME? | AY56: =IFERROR(INDEX($R:$R,MATCH(AT56,$C:$C,FALSE)),"") -> 200000998626 | AZ56: =_xludf.ifna(INDEX($V:$V,MATCH(AT56,$C:$C,FALSE)),"") -> #NAME? | BA56: =_xludf.ifna(INDEX($W:$W,MATCH(AT56,$C:$C,FALSE)),"") -> #NAME? | BB56: =_xludf.ifna(INDEX($X:$X,MATCH(AT56,$C:$C,FALSE)),"") -> #NAME? | BC56: =_xludf.ifna(INDEX($AD:$AD,MATCH(AT56,$C:$C,FALSE)),"") -> #NAME? | BD56: =_xludf.ifna(INDEX($AE:$AE,MATCH(AT56,$C:$C,FALSE)),"") -> #NAME? | BE56: =_xludf.ifna(INDEX($AG:$AG,MATCH(AT56,$C:$C,FALSE)),"") -> #NAME? | BF56: =_xludf.ifna(INDEX($T:$T,MATCH(AT56,$C:$C,FALSE),""),"") -> #NAME? | BG56: =_xludf.ifna(INDEX($AI:$AI,MATCH(AT56,$C:$C,FALSE)),"") -> #NAME?
A57: =IF(C57=0,"",ROW()-ROW($A$2)) -> 55 | B57: 46028 | C57: GMIAMMIPT/2026/01/0979 | D57: 11L-3024 | E57: LED FLood Light 6 Eyes 18 Watt 10-30 VDC | F57: 1 | G57: EA | H57: =IF(C57=0,"",IF(R57>0,"DONE","WAITING")) -> DONE | I57: GD5808 | J57: NOT REGISTERED | K57: NOT REGISTERED | N57: SUPPLY ONLY | O57: WHEEL | P57: LEO | Q57: KUSWOTO | R57: 200000988561 | S57: 46036 | T57: =IF(C57=0,"",IF(ISBLANK(S57),"WAITING","DONE")) -> DONE | U57: 46037 | V57: 9200067422 | W57: 42013 | X57: 46041 | Y57: =IF(C57=0,"",IF(V57>0,"DONE","WAITING")) -> DONE | Z57: DO 45853 | AA57: 46042 | AB57: =IF(C57=0,"",IF(Z57>0,"DONE","WAITING")) -> DONE | AD57: GMI26-0044819 | AE57: 46043 | AF57: =IF(C57=0,"",IF(ISBLANK(AD57),"WAITING","DONE")) -> DONE | AG57: 46043 | AH57: 46098 | AI57: =IF(AD57=0,"",IF(ISBLANK(AH57),"UNPAID","PAID")) -> PAID | AJ57: {=IFERROR(INDEX('[1]Master Price'!$E:$E,MATCH(D57,'[1]Master Price'!$B:$B,0)),"0")} -> 0 | AK57: =AJ57*F57 -> 0 | AL57: =IFERROR(DATEDIF(S57,T57,"d"),"0")&"-day" -> 0-day | AM57: =IFERROR(DATEDIF(S57,U57,"d"),"0")&"-day" -> 1-day | AN57: =IFERROR(DATEDIF(S57,X57,"d"),"0")&"-day" -> 5-day | AO57: =IFERROR(DATEDIF(X57,AA57,"d"),"0")&"-day" -> 1-day | AP57: =IFERROR(DATEDIF(AA57,AE57,"d"),"0")&"-day" -> 1-day | AQ57: =SUM(AL57:AP57)&"-day" -> 0-day | AS57: =IF(AT57=0,"",ROW()-ROW($AS$2)) -> 55 | AT57: GMIAMMIPT/2026/01/1020 | AU57: =_xludf.ifna(INDEX($B:$B,MATCH(AT57,$C:$C,FALSE)),"") -> #NAME? | AV57: =_xludf.ifna(INDEX($U:$U,MATCH(AT57,$C:$C,FALSE)),"") -> #NAME? | AW57: =_xludf.ifna(INDEX($Z:$Z,MATCH(AT57,$C:$C,FALSE)),"") -> #NAME? | AX57: =_xludf.ifna(INDEX($AA:$AA,MATCH(AT57,$C:$C,FALSE)),"") -> #NAME? | AY57: =IFERROR(INDEX($R:$R,MATCH(AT57,$C:$C,FALSE)),"") -> 200000995100 | AZ57: =_xludf.ifna(INDEX($V:$V,MATCH(AT57,$C:$C,FALSE)),"") -> #NAME? | BA57: =_xludf.ifna(INDEX($W:$W,MATCH(AT57,$C:$C,FALSE)),"") -> #NAME? | BB57: =_xludf.ifna(INDEX($X:$X,MATCH(AT57,$C:$C,FALSE)),"") -> #NAME? | BC57: =_xludf.ifna(INDEX($AD:$AD,MATCH(AT57,$C:$C,FALSE)),"") -> #NAME? | BD57: =_xludf.ifna(INDEX($AE:$AE,MATCH(AT57,$C:$C,FALSE)),"") -> #NAME? | BE57: =_xludf.ifna(INDEX($AG:$AG,MATCH(AT57,$C:$C,FALSE)),"") -> #NAME? | BF57: =_xludf.ifna(INDEX($T:$T,MATCH(AT57,$C:$C,FALSE),""),"") -> #NAME? | BG57: =_xludf.ifna(INDEX($AI:$AI,MATCH(AT57,$C:$C,FALSE)),"") -> #NAME?
A58: =IF(C58=0,"",ROW()-ROW($A$2)) -> 56 | B58: 46028 | C58: GMIAMMIPT/2026/01/0980 | D58: 3L7-6 | E58: Horn Heavy Duty 120Db for Heavy Duty | F58: 2 | G58: EA | H58: =IF(C58=0,"",IF(R58>0,"DONE","WAITING")) -> DONE | I58: E52005 | J58: PC2000-8 | K58: Komatsu | N58: SUPPLY ONLY | O58: TRACK | P58: LEO | Q58: COBRA | R58: 200000988562 | S58: 46036 | T58: =IF(C58=0,"",IF(ISBLANK(S58),"WAITING","DONE")) -> DONE | U58: 46037 | V58: 9200067427 | W58: 42017 | X58: 46041 | Y58: =IF(C58=0,"",IF(V58>0,"DONE","WAITING")) -> DONE | Z58: DO 45861 | AA58: 46042 | AB58: =IF(C58=0,"",IF(Z58>0,"DONE","WAITING")) -> DONE | AD58: GMI26-0044815 | AE58: 46043 | AF58: =IF(C58=0,"",IF(ISBLANK(AD58),"WAITING","DONE")) -> DONE | AG58: 46043 | AH58: 46098 | AI58: =IF(AD58=0,"",IF(ISBLANK(AH58),"UNPAID","PAID")) -> PAID | AJ58: {=IFERROR(INDEX('[1]Master Price'!$E:$E,MATCH(D58,'[1]Master Price'!$B:$B,0)),"0")} -> 0 | AK58: =AJ58*F58 -> 0 | AL58: =IFERROR(DATEDIF(S58,T58,"d"),"0")&"-day" -> 0-day | AM58: =IFERROR(DATEDIF(S58,U58,"d"),"0")&"-day" -> 1-day | AN58: =IFERROR(DATEDIF(S58,X58,"d"),"0")&"-day" -> 5-day | AO58: =IFERROR(DATEDIF(X58,AA58,"d"),"0")&"-day" -> 1-day | AP58: =IFERROR(DATEDIF(AA58,AE58,"d"),"0")&"-day" -> 1-day | AQ58: =SUM(AL58:AP58)&"-day" -> 0-day | AS58: =IF(AT58=0,"",ROW()-ROW($AS$2)) -> 56 | AT58: GMIAMMIPT/2026/01/1021 | AU58: =_xludf.ifna(INDEX($B:$B,MATCH(AT58,$C:$C,FALSE)),"") -> #NAME? | AV58: =_xludf.ifna(INDEX($U:$U,MATCH(AT58,$C:$C,FALSE)),"") -> #NAME? | AW58: =_xludf.ifna(INDEX($Z:$Z,MATCH(AT58,$C:$C,FALSE)),"") -> #NAME? | AX58: =_xludf.ifna(INDEX($AA:$AA,MATCH(AT58,$C:$C,FALSE)),"") -> #NAME? | AY58: =IFERROR(INDEX($R:$R,MATCH(AT58,$C:$C,FALSE)),"") -> 200000995104 | AZ58: =_xludf.ifna(INDEX($V:$V,MATCH(AT58,$C:$C,FALSE)),"") -> #NAME? | BA58: =_xludf.ifna(INDEX($W:$W,MATCH(AT58,$C:$C,FALSE)),"") -> #NAME? | BB58: =_xludf.ifna(INDEX($X:$X,MATCH(AT58,$C:$C,FALSE)),"") -> #NAME? | BC58: =_xludf.ifna(INDEX($AD:$AD,MATCH(AT58,$C:$C,FALSE)),"") -> #NAME? | BD58: =_xludf.ifna(INDEX($AE:$AE,MATCH(AT58,$C:$C,FALSE)),"") -> #NAME? | BE58: =_xludf.ifna(INDEX($AG:$AG,MATCH(AT58,$C:$C,FALSE)),"") -> #NAME? | BF58: =_xludf.ifna(INDEX($T:$T,MATCH(AT58,$C:$C,FALSE),""),"") -> #NAME? | BG58: =_xludf.ifna(INDEX($AI:$AI,MATCH(AT58,$C:$C,FALSE)),"") -> #NAME?
A59: =IF(C59=0,"",ROW()-ROW($A$2)) -> 57 | B59: 46028 | C59: GMIAMMIPT/2026/01/0981 | D59: 9L636 | E59: Toggle Switch | F59: 4 | G59: EA | H59: =IF(C59=0,"",IF(R59>0,"DONE","WAITING")) -> DONE | I59: H57109 | J59: HD785-7 | K59: Komatsu | N59: SUPPLY ONLY | O59: WHEEL | P59: LEO | Q59: WAHYUDIN | R59: 200000988563 | S59: 46036 | T59: =IF(C59=0,"",IF(ISBLANK(S59),"WAITING","DONE")) -> DONE | U59: 46037 | V59: 9200067418 | W59: 42010 | X59: 46041 | Y59: =IF(C59=0,"",IF(V59>0,"DONE","WAITING")) -> DONE | Z59: DO 45849 | AA59: 46042 | AB59: =IF(C59=0,"",IF(Z59>0,"DONE","WAITING")) -> DONE | AD59: GMI26-0044822 | AE59: 46043 | AF59: =IF(C59=0,"",IF(ISBLANK(AD59),"WAITING","DONE")) -> DONE | AG59: 46043 | AH59: 46098 | AI59: =IF(AD59=0,"",IF(ISBLANK(AH59),"UNPAID","PAID")) -> PAID | AJ59: {=IFERROR(INDEX('[1]Master Price'!$E:$E,MATCH(D59,'[1]Master Price'!$B:$B,0)),"0")} -> 0 | AK59: =AJ59*F59 -> 0 | AL59: =IFERROR(DATEDIF(S59,T59,"d"),"0")&"-day" -> 0-day | AM59: =IFERROR(DATEDIF(S59,U59,"d"),"0")&"-day" -> 1-day | AN59: =IFERROR(DATEDIF(S59,X59,"d"),"0")&"-day" -> 5-day | AO59: =IFERROR(DATEDIF(X59,AA59,"d"),"0")&"-day" -> 1-day | AP59: =IFERROR(DATEDIF(AA59,AE59,"d"),"0")&"-day" -> 1-day | AQ59: =SUM(AL59:AP59)&"-day" -> 0-day | AS59: =IF(AT59=0,"",ROW()-ROW($AS$2)) -> 57 | AT59: GMIAMMIPT/2026/01/1022 | AU59: =_xludf.ifna(INDEX($B:$B,MATCH(AT59,$C:$C,FALSE)),"") -> #NAME? | AV59: =_xludf.ifna(INDEX($U:$U,MATCH(AT59,$C:$C,FALSE)),"") -> #NAME? | AW59: =_xludf.ifna(INDEX($Z:$Z,MATCH(AT59,$C:$C,FALSE)),"") -> #NAME? | AX59: =_xludf.ifna(INDEX($AA:$AA,MATCH(AT59,$C:$C,FALSE)),"") -> #NAME? | AY59: =IFERROR(INDEX($R:$R,MATCH(AT59,$C:$C,FALSE)),"") -> 210000271143 | AZ59: =_xludf.ifna(INDEX($V:$V,MATCH(AT59,$C:$C,FALSE)),"") -> #NAME? | BA59: =_xludf.ifna(INDEX($W:$W,MATCH(AT59,$C:$C,FALSE)),"") -> #NAME? | BB59: =_xludf.ifna(INDEX($X:$X,MATCH(AT59,$C:$C,FALSE)),"") -> #NAME? | BC59: =_xludf.ifna(INDEX($AD:$AD,MATCH(AT59,$C:$C,FALSE)),"") -> #NAME? | BD59: =_xludf.ifna(INDEX($AE:$AE,MATCH(AT59,$C:$C,FALSE)),"") -> #NAME? | BE59: =_xludf.ifna(INDEX($AG:$AG,MATCH(AT59,$C:$C,FALSE)),"") -> #NAME? | BF59: =_xludf.ifna(INDEX($T:$T,MATCH(AT59,$C:$C,FALSE),""),"") -> #NAME? | BG59: =_xludf.ifna(INDEX($AI:$AI,MATCH(AT59,$C:$C,FALSE)),"") -> #NAME?
A60: =IF(C60=0,"",ROW()-ROW($A$2)) -> 58 | B60: 46028 | C60: GMIAMMIPT/2026/01/0982 | D60: 14L-0208-A42 | E60: V-Belt A42 Mitsubishi | F60: 1 | G60: EA | H60: =IF(C60=0,"",IF(R60>0,"DONE","WAITING")) -> DONE | I60: GR502 | J60: GR-500EXL | K60: Tadano | N60: SUPPLY ONLY | O60: SUPPORT | P60: LEO | Q60: HERY | R60: 200000988565 | S60: 46036 | T60: =IF(C60=0,"",IF(ISBLANK(S60),"WAITING","DONE")) -> DONE | U60: 46037 | V60: 9200067420 | W60: 42012 | X60: 46041 | Y60: =IF(C60=0,"",IF(V60>0,"DONE","WAITING")) -> DONE | Z60: DO 45852 | AA60: 46042 | AB60: =IF(C60=0,"",IF(Z60>0,"DONE","WAITING")) -> DONE | AD60: GMI26-0044820 | AE60: 46043 | AF60: =IF(C60=0,"",IF(ISBLANK(AD60),"WAITING","DONE")) -> DONE | AG60: 46043 | AH60: 46098 | AI60: =IF(AD60=0,"",IF(ISBLANK(AH60),"UNPAID","PAID")) -> PAID | AJ60: {=IFERROR(INDEX('[1]Master Price'!$E:$E,MATCH(D60,'[1]Master Price'!$B:$B,0)),"0")} -> 0 | AK60: =AJ60*F60 -> 0 | AL60: =IFERROR(DATEDIF(S60,T60,"d"),"0")&"-day" -> 0-day | AM60: =IFERROR(DATEDIF(S60,U60,"d"),"0")&"-day" -> 1-day | AN60: =IFERROR(DATEDIF(S60,X60,"d"),"0")&"-day" -> 5-day | AO60: =IFERROR(DATEDIF(X60,AA60,"d"),"0")&"-day" -> 1-day | AP60: =IFERROR(DATEDIF(AA60,AE60,"d"),"0")&"-day" -> 1-day | AQ60: =SUM(AL60:AP60)&"-day" -> 0-day | AS60: =IF(AT60=0,"",ROW()-ROW($AS$2)) -> 58 | AT60: GMIAMMIPT/2026/01/1023 | AU60: =_xludf.ifna(INDEX($B:$B,MATCH(AT60,$C:$C,FALSE)),"") -> #NAME? | AV60: =_xludf.ifna(INDEX($U:$U,MATCH(AT60,$C:$C,FALSE)),"") -> #NAME? | AW60: =_xludf.ifna(INDEX($Z:$Z,MATCH(AT60,$C:$C,FALSE)),"") -> #NAME? | AX60: =_xludf.ifna(INDEX($AA:$AA,MATCH(AT60,$C:$C,FALSE)),"") -> #NAME? | AY60: =IFERROR(INDEX($R:$R,MATCH(AT60,$C:$C,FALSE)),"") -> 200000995110 | AZ60: =_xludf.ifna(INDEX($V:$V,MATCH(AT60,$C:$C,FALSE)),"") -> #NAME? | BA60: =_xludf.ifna(INDEX($W:$W,MATCH(AT60,$C:$C,FALSE)),"") -> #NAME? | BB60: =_xludf.ifna(INDEX($X:$X,MATCH(AT60,$C:$C,FALSE)),"") -> #NAME? | BC60: =_xludf.ifna(INDEX($AD:$AD,MATCH(AT60,$C:$C,FALSE)),"") -> #NAME? | BD60: =_xludf.ifna(INDEX($AE:$AE,MATCH(AT60,$C:$C,FALSE)),"") -> #NAME? | BE60: =_xludf.ifna(INDEX($AG:$AG,MATCH(AT60,$C:$C,FALSE)),"") -> #NAME? | BF60: =_xludf.ifna(INDEX($T:$T,MATCH(AT60,$C:$C,FALSE),""),"") -> #NAME? | BG60: =_xludf.ifna(INDEX($AI:$AI,MATCH(AT60,$C:$C,FALSE)),"") -> #NAME?
A61: =IF(C61=0,"",ROW()-ROW($A$2)) -> 59 | B61: 46028 | C61: GMIAMMIPT/2026/01/0983 | D61: 11L-1734 | E61: Klea freon R134 | F61: 1 | G61: EA | H61: =IF(C61=0,"",IF(R61>0,"DONE","WAITING")) -> DONE | I61: E51225 | J61: PC1250-11R | K61: Komatsu | L61: 6038 | N61: AC HOT | O61: WHEEL | P61: RENDY | Q61: IWAN | R61: 200000988566 | S61: 46036 | T61: =IF(C61=0,"",IF(ISBLANK(S61),"WAITING","DONE")) -> DONE | U61: 46037 | V61: 9200067424 | W61: 42015 | X61: 46041 | Y61: =IF(C61=0,"",IF(V61>0,"DONE","WAITING")) -> DONE | Z61: DO 45855 | AA61: 46042 | AB61: =IF(C61=0,"",IF(Z61>0,"DONE","WAITING")) -> DONE | AD61: GMI26-0044817 | AE61: 46043 | AF61: =IF(C61=0,"",IF(ISBLANK(AD61),"WAITING","DONE")) -> DONE | AG61: 46043 | AH61: 46098 | AI61: =IF(AD61=0,"",IF(ISBLANK(AH61),"UNPAID","PAID")) -> PAID | AJ61: {=IFERROR(INDEX('[1]Master Price'!$E:$E,MATCH(D61,'[1]Master Price'!$B:$B,0)),"0")} -> 0 | AK61: =AJ61*F61 -> 0 | AL61: =IFERROR(DATEDIF(S61,T61,"d"),"0")&"-day" -> 0-day | AM61: =IFERROR(DATEDIF(S61,U61,"d"),"0")&"-day" -> 1-day | AN61: =IFERROR(DATEDIF(S61,X61,"d"),"0")&"-day" -> 5-day | AO61: =IFERROR(DATEDIF(X61,AA61,"d"),"0")&"-day" -> 1-day | AP61: =IFERROR(DATEDIF(AA61,AE61,"d"),"0")&"-day" -> 1-day | AQ61: =SUM(AL61:AP61)&"-day" -> 0-day | AS61: =IF(AT61=0,"",ROW()-ROW($AS$2)) -> 59 | AT61: GMIAMMIPT/2026/01/1024 | AU61: =_xludf.ifna(INDEX($B:$B,MATCH(AT61,$C:$C,FALSE)),"") -> #NAME? | AV61: =_xludf.ifna(INDEX($U:$U,MATCH(AT61,$C:$C,FALSE)),"") -> #NAME? | AW61: =_xludf.ifna(INDEX($Z:$Z,MATCH(AT61,$C:$C,FALSE)),"") -> #NAME? | AX61: =_xludf.ifna(INDEX($AA:$AA,MATCH(AT61,$C:$C,FALSE)),"") -> #NAME? | AY61: =IFERROR(INDEX($R:$R,MATCH(AT61,$C:$C,FALSE)),"") -> PO BOSTON | AZ61: =_xludf.ifna(INDEX($V:$V,MATCH(AT61,$C:$C,FALSE)),"") -> #NAME? | BA61: =_xludf.ifna(INDEX($W:$W,MATCH(AT61,$C:$C,FALSE)),"") -> #NAME? | BB61: =_xludf.ifna(INDEX($X:$X,MATCH(AT61,$C:$C,FALSE)),"") -> #NAME? | BC61: =_xludf.ifna(INDEX($AD:$AD,MATCH(AT61,$C:$C,FALSE)),"") -> #NAME? | BD61: =_xludf.ifna(INDEX($AE:$AE,MATCH(AT61,$C:$C,FALSE)),"") -> #NAME? | BE61: =_xludf.ifna(INDEX($AG:$AG,MATCH(AT61,$C:$C,FALSE)),"") -> #NAME? | BF61: =_xludf.ifna(INDEX($T:$T,MATCH(AT61,$C:$C,FALSE),""),"") -> #NAME? | BG61: =_xludf.ifna(INDEX($AI:$AI,MATCH(AT61,$C:$C,FALSE)),"") -> #NAME?
A62: =IF(C62=0,"",ROW()-ROW($A$2)) -> 60 | B62: 46028 | C62: GMIAMMIPT/2026/01/0984 | D62: 14L-0228 | E62: Filter Cabin for HD785-7, HD465-7 R | F62: 2 | G62: EA | H62: =IF(C62=0,"",IF(R62>0,"DONE","WAITING")) -> DONE | I62: H57103 | J62: HD785-7 | K62: Komatsu | L62: 32051 | N62: AC HOT | O62: WHEEL | P62: RENDY | Q62: RURUT | R62: 200000988570 | S62: 46036 | T62: =IF(C62=0,"",IF(ISBLANK(S62),"WAITING","DONE")) -> DONE | U62: 46037 | V62: 9200067419 | W62: 42011 | X62: 46041 | Y62: =IF(C62=0,"",IF(V62>0,"DONE","WAITING")) -> DONE | Z62: DO 45850 | AA62: 46042 | AB62: =IF(C62=0,"",IF(Z62>0,"DONE","WAITING")) -> DONE | AD62: GMI26-0044821 | AE62: 46043 | AF62: =IF(C62=0,"",IF(ISBLANK(AD62),"WAITING","DONE")) -> DONE | AG62: 46043 | AH62: 46098 | AI62: =IF(AD62=0,"",IF(ISBLANK(AH62),"UNPAID","PAID")) -> PAID | AJ62: {=IFERROR(INDEX('[1]Master Price'!$E:$E,MATCH(D62,'[1]Master Price'!$B:$B,0)),"0")} -> 0 | AK62: =AJ62*F62 -> 0 | AL62: =IFERROR(DATEDIF(S62,T62,"d"),"0")&"-day" -> 0-day | AM62: =IFERROR(DATEDIF(S62,U62,"d"),"0")&"-day" -> 1-day | AN62: =IFERROR(DATEDIF(S62,X62,"d"),"0")&"-day" -> 5-day | AO62: =IFERROR(DATEDIF(X62,AA62,"d"),"0")&"-day" -> 1-day | AP62: =IFERROR(DATEDIF(AA62,AE62,"d"),"0")&"-day" -> 1-day | AQ62: =SUM(AL62:AP62)&"-day" -> 0-day | AS62: =IF(AT62=0,"",ROW()-ROW($AS$2)) -> 60 | AT62: GMIAMMIPT/2026/01/1025 | AU62: =_xludf.ifna(INDEX($B:$B,MATCH(AT62,$C:$C,FALSE)),"") -> #NAME? | AV62: =_xludf.ifna(INDEX($U:$U,MATCH(AT62,$C:$C,FALSE)),"") -> #NAME? | AW62: =_xludf.ifna(INDEX($Z:$Z,MATCH(AT62,$C:$C,FALSE)),"") -> #NAME? | AX62: =_xludf.ifna(INDEX($AA:$AA,MATCH(AT62,$C:$C,FALSE)),"") -> #NAME? | AY62: =IFERROR(INDEX($R:$R,MATCH(AT62,$C:$C,FALSE)),"") -> 200000994667 | AZ62: =_xludf.ifna(INDEX($V:$V,MATCH(AT62,$C:$C,FALSE)),"") -> #NAME? | BA62: =_xludf.ifna(INDEX($W:$W,MATCH(AT62,$C:$C,FALSE)),"") -> #NAME? | BB62: =_xludf.ifna(INDEX($X:$X,MATCH(AT62,$C:$C,FALSE)),"") -> #NAME? | BC62: =_xludf.ifna(INDEX($AD:$AD,MATCH(AT62,$C:$C,FALSE)),"") -> #NAME? | BD62: =_xludf.ifna(INDEX($AE:$AE,MATCH(AT62,$C:$C,FALSE)),"") -> #NAME? | BE62: =_xludf.ifna(INDEX($AG:$AG,MATCH(AT62,$C:$C,FALSE)),"") -> #NAME? | BF62: =_xludf.ifna(INDEX($T:$T,MATCH(AT62,$C:$C,FALSE),""),"") -> #NAME? | BG62: =_xludf.ifna(INDEX($AI:$AI,MATCH(AT62,$C:$C,FALSE)),"") -> #NAME?
A63: =IF(C63=0,"",ROW()-ROW($A$2)) -> 61 | B63: 46028 | C63: GMIAMMIPT/2026/01/0985 | D63: 14L-0228 | E63: Filter Cabin for HD785-7, HD465-7 R | F63: 2 | G63: EA | H63: =IF(C63=0,"",IF(R63>0,"DONE","WAITING")) -> DONE | I63: H57256 | J63: HD785-7 | K63: Komatsu | L63: 4991 | M63: PS 1000 | N63: PS 1000 | O63: WHEEL | P63: RENDY | Q63: RURUT | R63: 210000270073 | S63: 46036 | T63: =IF(C63=0,"",IF(ISBLANK(S63),"WAITING","DONE")) -> DONE | U63: 46037 | V63: 7000227586 | W63: 42018 | X63: 46041 | Y63: =IF(C63=0,"",IF(V63>0,"DONE","WAITING")) -> DONE | Z63: DO 45862 | AA63: 46042 | AB63: =IF(C63=0,"",IF(Z63>0,"DONE","WAITING")) -> DONE | AD63: GMI26-0044814 | AE63: 46043 | AF63: =IF(C63=0,"",IF(ISBLANK(AD63),"WAITING","DONE")) -> DONE | AG63: 46043 | AH63: 46098 | AI63: =IF(AD63=0,"",IF(ISBLANK(AH63),"UNPAID","PAID")) -> PAID | AJ63: {=IFERROR(INDEX('[1]Master Price'!$E:$E,MATCH(D63,'[1]Master Price'!$B:$B,0)),"0")} -> 0 | AK63: =AJ63*F63 -> 0 | AL63: =IFERROR(DATEDIF(S63,T63,"d"),"0")&"-day" -> 0-day | AM63: =IFERROR(DATEDIF(S63,U63,"d"),"0")&"-day" -> 1-day | AN63: =IFERROR(DATEDIF(S63,X63,"d"),"0")&"-day" -> 5-day | AO63: =IFERROR(DATEDIF(X63,AA63,"d"),"0")&"-day" -> 1-day | AP63: =IFERROR(DATEDIF(AA63,AE63,"d"),"0")&"-day" -> 1-day | AQ63: =SUM(AL63:AP63)&"-day" -> 0-day | AS63: =IF(AT63=0,"",ROW()-ROW($AS$2)) -> 61 | AT63: GMIAMMIPT/2026/01/1026 | AU63: =_xludf.ifna(INDEX($B:$B,MATCH(AT63,$C:$C,FALSE)),"") -> #NAME? | AV63: =_xludf.ifna(INDEX($U:$U,MATCH(AT63,$C:$C,FALSE)),"") -> #NAME? | AW63: =_xludf.ifna(INDEX($Z:$Z,MATCH(AT63,$C:$C,FALSE)),"") -> #NAME? | AX63: =_xludf.ifna(INDEX($AA:$AA,MATCH(AT63,$C:$C,FALSE)),"") -> #NAME? | AY63: =IFERROR(INDEX($R:$R,MATCH(AT63,$C:$C,FALSE)),"") -> 200000998715 | AZ63: =_xludf.ifna(INDEX($V:$V,MATCH(AT63,$C:$C,FALSE)),"") -> #NAME? | BA63: =_xludf.ifna(INDEX($W:$W,MATCH(AT63,$C:$C,FALSE)),"") -> #NAME? | BB63: =_xludf.ifna(INDEX($X:$X,MATCH(AT63,$C:$C,FALSE)),"") -> #NAME? | BC63: =_xludf.ifna(INDEX($AD:$AD,MATCH(AT63,$C:$C,FALSE)),"") -> #NAME? | BD63: =_xludf.ifna(INDEX($AE:$AE,MATCH(AT63,$C:$C,FALSE)),"") -> #NAME? | BE63: =_xludf.ifna(INDEX($AG:$AG,MATCH(AT63,$C:$C,FALSE)),"") -> #NAME? | BF63: =_xludf.ifna(INDEX($T:$T,MATCH(AT63,$C:$C,FALSE),""),"") -> #NAME? | BG63: =_xludf.ifna(INDEX($AI:$AI,MATCH(AT63,$C:$C,FALSE)),"") -> #NAME?
A64: =IF(C64=0,"",ROW()-ROW($A$2)) -> 62 | B64: 46028 | C64: GMIAMMIPT/2026/01/0986 | D64: 14L-0268 | E64: Evaporator suit for Komatsu | F64: 1 | G64: EA | H64: =IF(C64=0,"",IF(R64>0,"DONE","WAITING")) -> DONE | I64: D5124 | J64: D155A-6 | K64: Komatsu | L64: 12075 | M64: PS 2000 | N64: PS 2000 | O64: TRACK | P64: ADITIA | Q64: AGUS | R64: 200000988582 | S64: 46036 | T64: =IF(C64=0,"",IF(ISBLANK(S64),"WAITING","DONE")) -> DONE | U64: 46037 | V64: 9200067423 | W64: 42014 | X64: 46041 | Y64: =IF(C64=0,"",IF(V64>0,"DONE","WAITING")) -> DONE | Z64: DO 45854 | AA64: 46042 | AB64: =IF(C64=0,"",IF(Z64>0,"DONE","WAITING")) -> DONE | AD64: GMI26-0044818 | AE64: 46043 | AF64: =IF(C64=0,"",IF(ISBLANK(AD64),"WAITING","DONE")) -> DONE | AG64: 46043 | AH64: 46098 | AI64: =IF(AD64=0,"",IF(ISBLANK(AH64),"UNPAID","PAID")) -> PAID | AJ64: {=IFERROR(INDEX('[1]Master Price'!$E:$E,MATCH(D64,'[1]Master Price'!$B:$B,0)),"0")} -> 0 | AK64: =AJ64*F64 -> 0 | AL64: =IFERROR(DATEDIF(S64,T64,"d"),"0")&"-day" -> 0-day | AM64: =IFERROR(DATEDIF(S64,U64,"d"),"0")&"-day" -> 1-day | AN64: =IFERROR(DATEDIF(S64,X64,"d"),"0")&"-day" -> 5-day | AO64: =IFERROR(DATEDIF(X64,AA64,"d"),"0")&"-day" -> 1-day | AP64: =IFERROR(DATEDIF(AA64,AE64,"d"),"0")&"-day" -> 1-day | AQ64: =SUM(AL64:AP64)&"-day" -> 0-day | AS64: =IF(AT64=0,"",ROW()-ROW($AS$2)) -> 62 | AT64: GMIAMMIPT/2026/01/1027 | AU64: =_xludf.ifna(INDEX($B:$B,MATCH(AT64,$C:$C,FALSE)),"") -> #NAME? | AV64: =_xludf.ifna(INDEX($U:$U,MATCH(AT64,$C:$C,FALSE)),"") -> #NAME? | AW64: =_xludf.ifna(INDEX($Z:$Z,MATCH(AT64,$C:$C,FALSE)),"") -> #NAME? | AX64: =_xludf.ifna(INDEX($AA:$AA,MATCH(AT64,$C:$C,FALSE)),"") -> #NAME? | AY64: =IFERROR(INDEX($R:$R,MATCH(AT64,$C:$C,FALSE)),"") -> 210000271140 | AZ64: =_xludf.ifna(INDEX($V:$V,MATCH(AT64,$C:$C,FALSE)),"") -> #NAME? | BA64: =_xludf.ifna(INDEX($W:$W,MATCH(AT64,$C:$C,FALSE)),"") -> #NAME? | BB64: =_xludf.ifna(INDEX($X:$X,MATCH(AT64,$C:$C,FALSE)),"") -> #NAME? | BC64: =_xludf.ifna(INDEX($AD:$AD,MATCH(AT64,$C:$C,FALSE)),"") -> #NAME? | BD64: =_xludf.ifna(INDEX($AE:$AE,MATCH(AT64,$C:$C,FALSE)),"") -> #NAME? | BE64: =_xludf.ifna(INDEX($AG:$AG,MATCH(AT64,$C:$C,FALSE)),"") -> #NAME? | BF64: =_xludf.ifna(INDEX($T:$T,MATCH(AT64,$C:$C,FALSE),""),"") -> #NAME? | BG64: =_xludf.ifna(INDEX($AI:$AI,MATCH(AT64,$C:$C,FALSE)),"") -> #NAME?
A65: =IF(C65=0,"",ROW()-ROW($A$2)) -> 63 | B65: 46028 | C65: GMIAMMIPT/2026/01/0986 | D65: 14L-0591 | E65: Expantion Valve HD785 | F65: 1 | G65: EA | H65: =IF(C65=0,"",IF(R65>0,"DONE","WAITING")) -> DONE | I65: D5124 | J65: D155A-6 | K65: Komatsu | L65: 12075 | M65: PS 2000 | N65: PS 2000 | O65: TRACK | P65: ADITIA | Q65: AGUS | R65: 200000988582 | S65: 46036 | T65: =IF(C65=0,"",IF(ISBLANK(S65),"WAITING","DONE")) -> DONE | U65: 46037 | V65: 9200067423 | W65: 42014 | X65: 46041 | Y65: =IF(C65=0,"",IF(V65>0,"DONE","WAITING")) -> DONE | Z65: DO 45854 | AA65: 46042 | AB65: =IF(C65=0,"",IF(Z65>0,"DONE","WAITING")) -> DONE | AD65: GMI26-0044818 | AE65: 46043 | AF65: =IF(C65=0,"",IF(ISBLANK(AD65),"WAITING","DONE")) -> DONE | AG65: 46043 | AH65: 46098 | AI65: =IF(AD65=0,"",IF(ISBLANK(AH65),"UNPAID","PAID")) -> PAID | AJ65: {=IFERROR(INDEX('[1]Master Price'!$E:$E,MATCH(D65,'[1]Master Price'!$B:$B,0)),"0")} -> 0 | AK65: =AJ65*F65 -> 0 | AL65: =IFERROR(DATEDIF(S65,T65,"d"),"0")&"-day" -> 0-day | AM65: =IFERROR(DATEDIF(S65,U65,"d"),"0")&"-day" -> 1-day | AN65: =IFERROR(DATEDIF(S65,X65,"d"),"0")&"-day" -> 5-day | AO65: =IFERROR(DATEDIF(X65,AA65,"d"),"0")&"-day" -> 1-day | AP65: =IFERROR(DATEDIF(AA65,AE65,"d"),"0")&"-day" -> 1-day | AQ65: =SUM(AL65:AP65)&"-day" -> 0-day | AS65: =IF(AT65=0,"",ROW()-ROW($AS$2)) -> 63 | AT65: GMIAMMIPT/2026/01/1028 | AU65: =_xludf.ifna(INDEX($B:$B,MATCH(AT65,$C:$C,FALSE)),"") -> #NAME? | AV65: =_xludf.ifna(INDEX($U:$U,MATCH(AT65,$C:$C,FALSE)),"") -> #NAME? | AW65: =_xludf.ifna(INDEX($Z:$Z,MATCH(AT65,$C:$C,FALSE)),"") -> #NAME? | AX65: =_xludf.ifna(INDEX($AA:$AA,MATCH(AT65,$C:$C,FALSE)),"") -> #NAME? | AY65: =IFERROR(INDEX($R:$R,MATCH(AT65,$C:$C,FALSE)),"") -> 200000998731 | AZ65: =_xludf.ifna(INDEX($V:$V,MATCH(AT65,$C:$C,FALSE)),"") -> #NAME? | BA65: =_xludf.ifna(INDEX($W:$W,MATCH(AT65,$C:$C,FALSE)),"") -> #NAME? | BB65: =_xludf.ifna(INDEX($X:$X,MATCH(AT65,$C:$C,FALSE)),"") -> #NAME? | BC65: =_xludf.ifna(INDEX($AD:$AD,MATCH(AT65,$C:$C,FALSE)),"") -> #NAME? | BD65: =_xludf.ifna(INDEX($AE:$AE,MATCH(AT65,$C:$C,FALSE)),"") -> #NAME? | BE65: =_xludf.ifna(INDEX($AG:$AG,MATCH(AT65,$C:$C,FALSE)),"") -> #NAME? | BF65: =_xludf.ifna(INDEX($T:$T,MATCH(AT65,$C:$C,FALSE),""),"") -> #NAME? | BG65: =_xludf.ifna(INDEX($AI:$AI,MATCH(AT65,$C:$C,FALSE)),"") -> #NAME?
A66: =IF(C66=0,"",ROW()-ROW($A$2)) -> 64 | B66: 46028 | C66: GMIAMMIPT/2026/01/0986 | D66: 14L-0588 | E66: Bolt Sanden | F66: 2 | G66: EA | H66: =IF(C66=0,"",IF(R66>0,"DONE","WAITING")) -> DONE | I66: D5124 | J66: D155A-6 | K66: Komatsu | L66: 12075 | M66: PS 2000 | N66: PS 2000 | O66: TRACK | P66: ADITIA | Q66: AGUS | R66: 200000988582 | S66: 46036 | T66: =IF(C66=0,"",IF(ISBLANK(S66),"WAITING","DONE")) -> DONE | U66: 46037 | V66: 9200067423 | W66: 42014 | X66: 46041 | Y66: =IF(C66=0,"",IF(V66>0,"DONE","WAITING")) -> DONE | Z66: DO 45854 | AA66: 46042 | AB66: =IF(C66=0,"",IF(Z66>0,"DONE","WAITING")) -> DONE | AD66: GMI26-0044818 | AE66: 46043 | AF66: =IF(C66=0,"",IF(ISBLANK(AD66),"WAITING","DONE")) -> DONE | AG66: 46043 | AH66: 46098 | AI66: =IF(AD66=0,"",IF(ISBLANK(AH66),"UNPAID","PAID")) -> PAID | AJ66: {=IFERROR(INDEX('[1]Master Price'!$E:$E,MATCH(D66,'[1]Master Price'!$B:$B,0)),"0")} -> 0 | AK66: =AJ66*F66 -> 0 | AL66: =IFERROR(DATEDIF(S66,T66,"d"),"0")&"-day" -> 0-day | AM66: =IFERROR(DATEDIF(S66,U66,"d"),"0")&"-day" -> 1-day | AN66: =IFERROR(DATEDIF(S66,X66,"d"),"0")&"-day" -> 5-day | AO66: =IFERROR(DATEDIF(X66,AA66,"d"),"0")&"-day" -> 1-day | AP66: =IFERROR(DATEDIF(AA66,AE66,"d"),"0")&"-day" -> 1-day | AQ66: =SUM(AL66:AP66)&"-day" -> 0-day | AS66: =IF(AT66=0,"",ROW()-ROW($AS$2)) -> 64 | AT66: GMIAMMIPT/2026/01/1029 | AU66: =_xludf.ifna(INDEX($B:$B,MATCH(AT66,$C:$C,FALSE)),"") -> #NAME? | AV66: =_xludf.ifna(INDEX($U:$U,MATCH(AT66,$C:$C,FALSE)),"") -> #NAME? | AW66: =_xludf.ifna(INDEX($Z:$Z,MATCH(AT66,$C:$C,FALSE)),"") -> #NAME? | AX66: =_xludf.ifna(INDEX($AA:$AA,MATCH(AT66,$C:$C,FALSE)),"") -> #NAME? | AY66: =IFERROR(INDEX($R:$R,MATCH(AT66,$C:$C,FALSE)),"") -> 200000998741 | AZ66: =_xludf.ifna(INDEX($V:$V,MATCH(AT66,$C:$C,FALSE)),"") -> #NAME? | BA66: =_xludf.ifna(INDEX($W:$W,MATCH(AT66,$C:$C,FALSE)),"") -> #NAME? | BB66: =_xludf.ifna(INDEX($X:$X,MATCH(AT66,$C:$C,FALSE)),"") -> #NAME? | BC66: =_xludf.ifna(INDEX($AD:$AD,MATCH(AT66,$C:$C,FALSE)),"") -> #NAME? | BD66: =_xludf.ifna(INDEX($AE:$AE,MATCH(AT66,$C:$C,FALSE)),"") -> #NAME? | BE66: =_xludf.ifna(INDEX($AG:$AG,MATCH(AT66,$C:$C,FALSE)),"") -> #NAME? | BF66: =_xludf.ifna(INDEX($T:$T,MATCH(AT66,$C:$C,FALSE),""),"") -> #NAME? | BG66: =_xludf.ifna(INDEX($AI:$AI,MATCH(AT66,$C:$C,FALSE)),"") -> #NAME?
A67: =IF(C67=0,"",ROW()-ROW($A$2)) -> 65 | B67: 46028 | C67: GMIAMMIPT/2026/01/0986 | D67: 14L-0135-D155 | E67: Motor Blower for D155 | F67: 1 | G67: EA | H67: =IF(C67=0,"",IF(R67>0,"DONE","WAITING")) -> DONE | I67: D5124 | J67: D155A-6 | K67: Komatsu | L67: 12075 | M67: PS 2000 | N67: PS 2000 | O67: TRACK | P67: ADITIA | Q67: AGUS | R67: 200000988582 | S67: 46036 | T67: =IF(C67=0,"",IF(ISBLANK(S67),"WAITING","DONE")) -> DONE | U67: 46037 | V67: 9200067423 | W67: 42014 | X67: 46041 | Y67: =IF(C67=0,"",IF(V67>0,"DONE","WAITING")) -> DONE | Z67: DO 45854 | AA67: 46042 | AB67: =IF(C67=0,"",IF(Z67>0,"DONE","WAITING")) -> DONE | AD67: GMI26-0044818 | AE67: 46043 | AF67: =IF(C67=0,"",IF(ISBLANK(AD67),"WAITING","DONE")) -> DONE | AG67: 46043 | AH67: 46098 | AI67: =IF(AD67=0,"",IF(ISBLANK(AH67),"UNPAID","PAID")) -> PAID | AJ67: {=IFERROR(INDEX('[1]Master Price'!$E:$E,MATCH(D67,'[1]Master Price'!$B:$B,0)),"0")} -> 0 | AK67: =AJ67*F67 -> 0 | AL67: =IFERROR(DATEDIF(S67,T67,"d"),"0")&"-day" -> 0-day | AM67: =IFERROR(DATEDIF(S67,U67,"d"),"0")&"-day" -> 1-day | AN67: =IFERROR(DATEDIF(S67,X67,"d"),"0")&"-day" -> 5-day | AO67: =IFERROR(DATEDIF(X67,AA67,"d"),"0")&"-day" -> 1-day | AP67: =IFERROR(DATEDIF(AA67,AE67,"d"),"0")&"-day" -> 1-day | AQ67: =SUM(AL67:AP67)&"-day" -> 0-day | AS67: =IF(AT67=0,"",ROW()-ROW($AS$2)) -> 65 | AT67: GMIAMMIPT/2026/01/1030 | AU67: =_xludf.ifna(INDEX($B:$B,MATCH(AT67,$C:$C,FALSE)),"") -> #NAME? | AV67: =_xludf.ifna(INDEX($U:$U,MATCH(AT67,$C:$C,FALSE)),"") -> #NAME? | AW67: =_xludf.ifna(INDEX($Z:$Z,MATCH(AT67,$C:$C,FALSE)),"") -> #NAME? | AX67: =_xludf.ifna(INDEX($AA:$AA,MATCH(AT67,$C:$C,FALSE)),"") -> #NAME? | AY67: =IFERROR(INDEX($R:$R,MATCH(AT67,$C:$C,FALSE)),"") -> 200000998754 | AZ67: =_xludf.ifna(INDEX($V:$V,MATCH(AT67,$C:$C,FALSE)),"") -> #NAME? | BA67: =_xludf.ifna(INDEX($W:$W,MATCH(AT67,$C:$C,FALSE)),"") -> #NAME? | BB67: =_xludf.ifna(INDEX($X:$X,MATCH(AT67,$C:$C,FALSE)),"") -> #NAME? | BC67: =_xludf.ifna(INDEX($AD:$AD,MATCH(AT67,$C:$C,FALSE)),"") -> #NAME? | BD67: =_xludf.ifna(INDEX($AE:$AE,MATCH(AT67,$C:$C,FALSE)),"") -> #NAME? | BE67: =_xludf.ifna(INDEX($AG:$AG,MATCH(AT67,$C:$C,FALSE)),"") -> #NAME? | BF67: =_xludf.ifna(INDEX($T:$T,MATCH(AT67,$C:$C,FALSE),""),"") -> #NAME? | BG67: =_xludf.ifna(INDEX($AI:$AI,MATCH(AT67,$C:$C,FALSE)),"") -> #NAME?
A68: =IF(C68=0,"",ROW()-ROW($A$2)) -> 66 | B68: 46028 | C68: GMIAMMIPT/2026/01/0986 | D68: 14L-0094-F | E68: THERMOSTAT FUJIN | F68: 1 | G68: EA | H68: =IF(C68=0,"",IF(R68>0,"DONE","WAITING")) -> DONE | I68: D5124 | J68: D155A-6 | K68: Komatsu | L68: 12075 | M68: PS 2000 | N68: PS 2000 | O68: TRACK | P68: ADITIA | Q68: AGUS | R68: 200000988582 | S68: 46036 | T68: =IF(C68=0,"",IF(ISBLANK(S68),"WAITING","DONE")) -> DONE | U68: 46037 | V68: 9200067423 | W68: 42014 | X68: 46041 | Y68: =IF(C68=0,"",IF(V68>0,"DONE","WAITING")) -> DONE | Z68: DO 45854 | AA68: 46042 | AB68: =IF(C68=0,"",IF(Z68>0,"DONE","WAITING")) -> DONE | AD68: GMI26-0044818 | AE68: 46043 | AF68: =IF(C68=0,"",IF(ISBLANK(AD68),"WAITING","DONE")) -> DONE | AG68: 46043 | AH68: 46098 | AI68: =IF(AD68=0,"",IF(ISBLANK(AH68),"UNPAID","PAID")) -> PAID | AJ68: {=IFERROR(INDEX('[1]Master Price'!$E:$E,MATCH(D68,'[1]Master Price'!$B:$B,0)),"0")} -> 0 | AK68: =AJ68*F68 -> 0 | AL68: =IFERROR(DATEDIF(S68,T68,"d"),"0")&"-day" -> 0-day | AM68: =IFERROR(DATEDIF(S68,U68,"d"),"0")&"-day" -> 1-day | AN68: =IFERROR(DATEDIF(S68,X68,"d"),"0")&"-day" -> 5-day | AO68: =IFERROR(DATEDIF(X68,AA68,"d"),"0")&"-day" -> 1-day | AP68: =IFERROR(DATEDIF(AA68,AE68,"d"),"0")&"-day" -> 1-day | AQ68: =SUM(AL68:AP68)&"-day" -> 0-day | AS68: =IF(AT68=0,"",ROW()-ROW($AS$2)) -> 66 | AT68: GMIAMMIPT/2026/01/1031 | AU68: =_xludf.ifna(INDEX($B:$B,MATCH(AT68,$C:$C,FALSE)),"") -> #NAME? | AV68: =_xludf.ifna(INDEX($U:$U,MATCH(AT68,$C:$C,FALSE)),"") -> #NAME? | AW68: =_xludf.ifna(INDEX($Z:$Z,MATCH(AT68,$C:$C,FALSE)),"") -> #NAME? | AX68: =_xludf.ifna(INDEX($AA:$AA,MATCH(AT68,$C:$C,FALSE)),"") -> #NAME? | AY68: =IFERROR(INDEX($R:$R,MATCH(AT68,$C:$C,FALSE)),"") -> 200000998762 | AZ68: =_xludf.ifna(INDEX($V:$V,MATCH(AT68,$C:$C,FALSE)),"") -> #NAME? | BA68: =_xludf.ifna(INDEX($W:$W,MATCH(AT68,$C:$C,FALSE)),"") -> #NAME? | BB68: =_xludf.ifna(INDEX($X:$X,MATCH(AT68,$C:$C,FALSE)),"") -> #NAME? | BC68: =_xludf.ifna(INDEX($AD:$AD,MATCH(AT68,$C:$C,FALSE)),"") -> #NAME? | BD68: =_xludf.ifna(INDEX($AE:$AE,MATCH(AT68,$C:$C,FALSE)),"") -> #NAME? | BE68: =_xludf.ifna(INDEX($AG:$AG,MATCH(AT68,$C:$C,FALSE)),"") -> #NAME? | BF68: =_xludf.ifna(INDEX($T:$T,MATCH(AT68,$C:$C,FALSE),""),"") -> #NAME? | BG68: =_xludf.ifna(INDEX($AI:$AI,MATCH(AT68,$C:$C,FALSE)),"") -> #NAME?
A69: =IF(C69=0,"",ROW()-ROW($A$2)) -> 67 | B69: 46028 | C69: GMIAMMIPT/2026/01/0986 | D69: 14L-0102 | E69: Compressor Only for PC-1250, PC2000, D155 | F69: 1 | G69: EA | H69: =IF(C69=0,"",IF(R69>0,"DONE","WAITING")) -> DONE | I69: D5124 | J69: D155A-6 | K69: Komatsu | L69: 12075 | M69: PS 2000 | N69: PS 2000 | O69: TRACK | P69: ADITIA | Q69: AGUS | R69: 200000988582 | S69: 46036 | T69: =IF(C69=0,"",IF(ISBLANK(S69),"WAITING","DONE")) -> DONE | U69: 46037 | V69: 9200067423 | W69: 42014 | X69: 46041 | Y69: =IF(C69=0,"",IF(V69>0,"DONE","WAITING")) -> DONE | Z69: DO 45854 | AA69: 46042 | AB69: =IF(C69=0,"",IF(Z69>0,"DONE","WAITING")) -> DONE | AD69: GMI26-0044818 | AE69: 46043 | AF69: =IF(C69=0,"",IF(ISBLANK(AD69),"WAITING","DONE")) -> DONE | AG69: 46043 | AH69: 46098 | AI69: =IF(AD69=0,"",IF(ISBLANK(AH69),"UNPAID","PAID")) -> PAID | AJ69: {=IFERROR(INDEX('[1]Master Price'!$E:$E,MATCH(D69,'[1]Master Price'!$B:$B,0)),"0")} -> 0 | AK69: =AJ69*F69 -> 0 | AL69: =IFERROR(DATEDIF(S69,T69,"d"),"0")&"-day" -> 0-day | AM69: =IFERROR(DATEDIF(S69,U69,"d"),"0")&"-day" -> 1-day | AN69: =IFERROR(DATEDIF(S69,X69,"d"),"0")&"-day" -> 5-day | AO69: =IFERROR(DATEDIF(X69,AA69,"d"),"0")&"-day" -> 1-day | AP69: =IFERROR(DATEDIF(AA69,AE69,"d"),"0")&"-day" -> 1-day | AQ69: =SUM(AL69:AP69)&"-day" -> 0-day | AS69: =IF(AT69=0,"",ROW()-ROW($AS$2)) -> 67 | AT69: GMIAMMIPT/2026/01/1032 | AU69: =_xludf.ifna(INDEX($B:$B,MATCH(AT69,$C:$C,FALSE)),"") -> #NAME? | AV69: =_xludf.ifna(INDEX($U:$U,MATCH(AT69,$C:$C,FALSE)),"") -> #NAME? | AW69: =_xludf.ifna(INDEX($Z:$Z,MATCH(AT69,$C:$C,FALSE)),"") -> #NAME? | AX69: =_xludf.ifna(INDEX($AA:$AA,MATCH(AT69,$C:$C,FALSE)),"") -> #NAME? | AY69: =IFERROR(INDEX($R:$R,MATCH(AT69,$C:$C,FALSE)),"") -> 200000272111 | AZ69: =_xludf.ifna(INDEX($V:$V,MATCH(AT69,$C:$C,FALSE)),"") -> #NAME? | BA69: =_xludf.ifna(INDEX($W:$W,MATCH(AT69,$C:$C,FALSE)),"") -> #NAME? | BB69: =_xludf.ifna(INDEX($X:$X,MATCH(AT69,$C:$C,FALSE)),"") -> #NAME? | BC69: =_xludf.ifna(INDEX($AD:$AD,MATCH(AT69,$C:$C,FALSE)),"") -> #NAME? | BD69: =_xludf.ifna(INDEX($AE:$AE,MATCH(AT69,$C:$C,FALSE)),"") -> #NAME? | BE69: =_xludf.ifna(INDEX($AG:$AG,MATCH(AT69,$C:$C,FALSE)),"") -> #NAME? | BF69: =_xludf.ifna(INDEX($T:$T,MATCH(AT69,$C:$C,FALSE),""),"") -> #NAME? | BG69: =_xludf.ifna(INDEX($AI:$AI,MATCH(AT69,$C:$C,FALSE)),"") -> #NAME?
A70: =IF(C70=0,"",ROW()-ROW($A$2)) -> 68 | B70: 46028 | C70: GMIAMMIPT/2026/01/0986 | D70: 14L-0134 | E70: Magnet Clutch R134a 1G-B | F70: 1 | G70: EA | H70: =IF(C70=0,"",IF(R70>0,"DONE","WAITING")) -> DONE | I70: D5124 | J70: D155A-6 | K70: Komatsu | L70: 12075 | M70: PS 2000 | N70: PS 2000 | O70: TRACK | P70: ADITIA | Q70: AGUS | R70: 200000988582 | S70: 46036 | T70: =IF(C70=0,"",IF(ISBLANK(S70),"WAITING","DONE")) -> DONE | U70: 46037 | V70: 9200067423 | W70: 42014 | X70: 46041 | Y70: =IF(C70=0,"",IF(V70>0,"DONE","WAITING")) -> DONE | Z70: DO 45854 | AA70: 46042 | AB70: =IF(C70=0,"",IF(Z70>0,"DONE","WAITING")) -> DONE | AD70: GMI26-0044818 | AE70: 46043 | AF70: =IF(C70=0,"",IF(ISBLANK(AD70),"WAITING","DONE")) -> DONE | AG70: 46043 | AH70: 46098 | AI70: =IF(AD70=0,"",IF(ISBLANK(AH70),"UNPAID","PAID")) -> PAID | AJ70: {=IFERROR(INDEX('[1]Master Price'!$E:$E,MATCH(D70,'[1]Master Price'!$B:$B,0)),"0")} -> 0 | AK70: =AJ70*F70 -> 0 | AL70: =IFERROR(DATEDIF(S70,T70,"d"),"0")&"-day" -> 0-day | AM70: =IFERROR(DATEDIF(S70,U70,"d"),"0")&"-day" -> 1-day | AN70: =IFERROR(DATEDIF(S70,X70,"d"),"0")&"-day" -> 5-day | AO70: =IFERROR(DATEDIF(X70,AA70,"d"),"0")&"-day" -> 1-day | AP70: =IFERROR(DATEDIF(AA70,AE70,"d"),"0")&"-day" -> 1-day | AQ70: =SUM(AL70:AP70)&"-day" -> 0-day | AS70: =IF(AT70=0,"",ROW()-ROW($AS$2)) -> 68 | AT70: GMIAMMIPT/2026/01/1033 | AU70: =_xludf.ifna(INDEX($B:$B,MATCH(AT70,$C:$C,FALSE)),"") -> #NAME? | AV70: =_xludf.ifna(INDEX($U:$U,MATCH(AT70,$C:$C,FALSE)),"") -> #NAME? | AW70: =_xludf.ifna(INDEX($Z:$Z,MATCH(AT70,$C:$C,FALSE)),"") -> #NAME? | AX70: =_xludf.ifna(INDEX($AA:$AA,MATCH(AT70,$C:$C,FALSE)),"") -> #NAME? | AY70: =IFERROR(INDEX($R:$R,MATCH(AT70,$C:$C,FALSE)),"") -> 200000998766 | AZ70: =_xludf.ifna(INDEX($V:$V,MATCH(AT70,$C:$C,FALSE)),"") -> #NAME? | BA70: =_xludf.ifna(INDEX($W:$W,MATCH(AT70,$C:$C,FALSE)),"") -> #NAME? | BB70: =_xludf.ifna(INDEX($X:$X,MATCH(AT70,$C:$C,FALSE)),"") -> #NAME? | BC70: =_xludf.ifna(INDEX($AD:$AD,MATCH(AT70,$C:$C,FALSE)),"") -> #NAME? | BD70: =_xludf.ifna(INDEX($AE:$AE,MATCH(AT70,$C:$C,FALSE)),"") -> #NAME? | BE70: =_xludf.ifna(INDEX($AG:$AG,MATCH(AT70,$C:$C,FALSE)),"") -> #NAME? | BF70: =_xludf.ifna(INDEX($T:$T,MATCH(AT70,$C:$C,FALSE),""),"") -> #NAME? | BG70: =_xludf.ifna(INDEX($AI:$AI,MATCH(AT70,$C:$C,FALSE)),"") -> #NAME?
A71: =IF(C71=0,"",ROW()-ROW($A$2)) -> 69 | B71: 46028 | C71: GMIAMMIPT/2026/01/0986 | D71: 14L-0110 | E71: Snap Ring | F71: 1 | G71: EA | H71: =IF(C71=0,"",IF(R71>0,"DONE","WAITING")) -> DONE | I71: D5124 | J71: D155A-6 | K71: Komatsu | L71: 12075 | M71: PS 2000 | N71: PS 2000 | O71: TRACK | P71: ADITIA | Q71: AGUS | R71: 200000988582 | S71: 46036 | T71: =IF(C71=0,"",IF(ISBLANK(S71),"WAITING","DONE")) -> DONE | U71: 46037 | V71: 9200067423 | W71: 42014 | X71: 46041 | Y71: =IF(C71=0,"",IF(V71>0,"DONE","WAITING")) -> DONE | Z71: DO 45854 | AA71: 46042 | AB71: =IF(C71=0,"",IF(Z71>0,"DONE","WAITING")) -> DONE | AD71: GMI26-0044818 | AE71: 46043 | AF71: =IF(C71=0,"",IF(ISBLANK(AD71),"WAITING","DONE")) -> DONE | AG71: 46043 | AH71: 46098 | AI71: =IF(AD71=0,"",IF(ISBLANK(AH71),"UNPAID","PAID")) -> PAID | AJ71: {=IFERROR(INDEX('[1]Master Price'!$E:$E,MATCH(D71,'[1]Master Price'!$B:$B,0)),"0")} -> 0 | AK71: =AJ71*F71 -> 0 | AL71: =IFERROR(DATEDIF(S71,T71,"d"),"0")&"-day" -> 0-day | AM71: =IFERROR(DATEDIF(S71,U71,"d"),"0")&"-day" -> 1-day | AN71: =IFERROR(DATEDIF(S71,X71,"d"),"0")&"-day" -> 5-day | AO71: =IFERROR(DATEDIF(X71,AA71,"d"),"0")&"-day" -> 1-day | AP71: =IFERROR(DATEDIF(AA71,AE71,"d"),"0")&"-day" -> 1-day | AQ71: =SUM(AL71:AP71)&"-day" -> 0-day | AS71: =IF(AT71=0,"",ROW()-ROW($AS$2)) -> 69 | AT71: GMIAMMIPT/2026/01/1034 | AU71: =_xludf.ifna(INDEX($B:$B,MATCH(AT71,$C:$C,FALSE)),"") -> #NAME? | AV71: =_xludf.ifna(INDEX($U:$U,MATCH(AT71,$C:$C,FALSE)),"") -> #NAME? | AW71: =_xludf.ifna(INDEX($Z:$Z,MATCH(AT71,$C:$C,FALSE)),"") -> #NAME? | AX71: =_xludf.ifna(INDEX($AA:$AA,MATCH(AT71,$C:$C,FALSE)),"") -> #NAME? | AY71: =IFERROR(INDEX($R:$R,MATCH(AT71,$C:$C,FALSE)),"") -> PO BOSTON | AZ71: =_xludf.ifna(INDEX($V:$V,MATCH(AT71,$C:$C,FALSE)),"") -> #NAME? | BA71: =_xludf.ifna(INDEX($W:$W,MATCH(AT71,$C:$C,FALSE)),"") -> #NAME? | BB71: =_xludf.ifna(INDEX($X:$X,MATCH(AT71,$C:$C,FALSE)),"") -> #NAME? | BC71: =_xludf.ifna(INDEX($AD:$AD,MATCH(AT71,$C:$C,FALSE)),"") -> #NAME? | BD71: =_xludf.ifna(INDEX($AE:$AE,MATCH(AT71,$C:$C,FALSE)),"") -> #NAME? | BE71: =_xludf.ifna(INDEX($AG:$AG,MATCH(AT71,$C:$C,FALSE)),"") -> #NAME? | BF71: =_xludf.ifna(INDEX($T:$T,MATCH(AT71,$C:$C,FALSE),""),"") -> #NAME? | BG71: =_xludf.ifna(INDEX($AI:$AI,MATCH(AT71,$C:$C,FALSE)),"") -> #NAME?
A72: =IF(C72=0,"",ROW()-ROW($A$2)) -> 70 | B72: 46028 | C72: GMIAMMIPT/2026/01/0986 | D72: 14L-0276 | E72: Condenser for DZ155, DZ375, CAT340 | F72: 1 | G72: EA | H72: =IF(C72=0,"",IF(R72>0,"DONE","WAITING")) -> DONE | I72: D5124 | J72: D155A-6 | K72: Komatsu | L72: 12075 | M72: PS 2000 | N72: PS 2000 | O72: TRACK | P72: ADITIA | Q72: AGUS | R72: 200000988582 | S72: 46036 | T72: =IF(C72=0,"",IF(ISBLANK(S72),"WAITING","DONE")) -> DONE | U72: 46037 | V72: 9200067423 | W72: 42014 | X72: 46041 | Y72: =IF(C72=0,"",IF(V72>0,"DONE","WAITING")) -> DONE | Z72: DO 45854 | AA72: 46042 | AB72: =IF(C72=0,"",IF(Z72>0,"DONE","WAITING")) -> DONE | AD72: GMI26-0044818 | AE72: 46043 | AF72: =IF(C72=0,"",IF(ISBLANK(AD72),"WAITING","DONE")) -> DONE | AG72: 46043 | AH72: 46098 | AI72: =IF(AD72=0,"",IF(ISBLANK(AH72),"UNPAID","PAID")) -> PAID | AJ72: {=IFERROR(INDEX('[1]Master Price'!$E:$E,MATCH(D72,'[1]Master Price'!$B:$B,0)),"0")} -> 0 | AK72: =AJ72*F72 -> 0 | AL72: =IFERROR(DATEDIF(S72,T72,"d"),"0")&"-day" -> 0-day | AM72: =IFERROR(DATEDIF(S72,U72,"d"),"0")&"-day" -> 1-day | AN72: =IFERROR(DATEDIF(S72,X72,"d"),"0")&"-day" -> 5-day | AO72: =IFERROR(DATEDIF(X72,AA72,"d"),"0")&"-day" -> 1-day | AP72: =IFERROR(DATEDIF(AA72,AE72,"d"),"0")&"-day" -> 1-day | AQ72: =SUM(AL72:AP72)&"-day" -> 0-day | AS72: =IF(AT72=0,"",ROW()-ROW($AS$2)) -> 70 | AT72: GMIAMMIPT/2026/01/1035 | AU72: =_xludf.ifna(INDEX($B:$B,MATCH(AT72,$C:$C,FALSE)),"") -> #NAME? | AV72: =_xludf.ifna(INDEX($U:$U,MATCH(AT72,$C:$C,FALSE)),"") -> #NAME? | AW72: =_xludf.ifna(INDEX($Z:$Z,MATCH(AT72,$C:$C,FALSE)),"") -> #NAME? | AX72: =_xludf.ifna(INDEX($AA:$AA,MATCH(AT72,$C:$C,FALSE)),"") -> #NAME? | AY72: =IFERROR(INDEX($R:$R,MATCH(AT72,$C:$C,FALSE)),"") -> 200001000534 | AZ72: =_xludf.ifna(INDEX($V:$V,MATCH(AT72,$C:$C,FALSE)),"") -> #NAME? | BA72: =_xludf.ifna(INDEX($W:$W,MATCH(AT72,$C:$C,FALSE)),"") -> #NAME? | BB72: =_xludf.ifna(INDEX($X:$X,MATCH(AT72,$C:$C,FALSE)),"") -> #NAME? | BC72: =_xludf.ifna(INDEX($AD:$AD,MATCH(AT72,$C:$C,FALSE)),"") -> #NAME? | BD72: =_xludf.ifna(INDEX($AE:$AE,MATCH(AT72,$C:$C,FALSE)),"") -> #NAME? | BE72: =_xludf.ifna(INDEX($AG:$AG,MATCH(AT72,$C:$C,FALSE)),"") -> #NAME? | BF72: =_xludf.ifna(INDEX($T:$T,MATCH(AT72,$C:$C,FALSE),""),"") -> #NAME? | BG72: =_xludf.ifna(INDEX($AI:$AI,MATCH(AT72,$C:$C,FALSE)),"") -> #NAME?
A73: =IF(C73=0,"",ROW()-ROW($A$2)) -> 71 | B73: 46028 | C73: GMIAMMIPT/2026/01/0986 | D73: 14L-0584-H | E73: Resistor Honda CRV/SANY | F73: 1 | G73: EA | H73: =IF(C73=0,"",IF(R73>0,"DONE","WAITING")) -> DONE | I73: D5124 | J73: D155A-6 | K73: Komatsu | L73: 12075 | M73: PS 2000 | N73: PS 2000 | O73: TRACK | P73: ADITIA | Q73: AGUS | R73: 200000988582 | S73: 46036 | T73: =IF(C73=0,"",IF(ISBLANK(S73),"WAITING","DONE")) -> DONE | U73: 46037 | V73: 9200067423 | W73: 42014 | X73: 46041 | Y73: =IF(C73=0,"",IF(V73>0,"DONE","WAITING")) -> DONE | Z73: DO 45854 | AA73: 46042 | AB73: =IF(C73=0,"",IF(Z73>0,"DONE","WAITING")) -> DONE | AD73: GMI26-0044818 | AE73: 46043 | AF73: =IF(C73=0,"",IF(ISBLANK(AD73),"WAITING","DONE")) -> DONE | AG73: 46043 | AH73: 46098 | AI73: =IF(AD73=0,"",IF(ISBLANK(AH73),"UNPAID","PAID")) -> PAID | AJ73: {=IFERROR(INDEX('[1]Master Price'!$E:$E,MATCH(D73,'[1]Master Price'!$B:$B,0)),"0")} -> 0 | AK73: =AJ73*F73 -> 0 | AL73: =IFERROR(DATEDIF(S73,T73,"d"),"0")&"-day" -> 0-day | AM73: =IFERROR(DATEDIF(S73,U73,"d"),"0")&"-day" -> 1-day | AN73: =IFERROR(DATEDIF(S73,X73,"d"),"0")&"-day" -> 5-day | AO73: =IFERROR(DATEDIF(X73,AA73,"d"),"0")&"-day" -> 1-day | AP73: =IFERROR(DATEDIF(AA73,AE73,"d"),"0")&"-day" -> 1-day | AQ73: =SUM(AL73:AP73)&"-day" -> 0-day | AS73: =IF(AT73=0,"",ROW()-ROW($AS$2)) -> 71 | AT73: GMIAMMIPT/2026/01/1036 | AU73: =_xludf.ifna(INDEX($B:$B,MATCH(AT73,$C:$C,FALSE)),"") -> #NAME? | AV73: =_xludf.ifna(INDEX($U:$U,MATCH(AT73,$C:$C,FALSE)),"") -> #NAME? | AW73: =_xludf.ifna(INDEX($Z:$Z,MATCH(AT73,$C:$C,FALSE)),"") -> #NAME? | AX73: =_xludf.ifna(INDEX($AA:$AA,MATCH(AT73,$C:$C,FALSE)),"") -> #NAME? | AY73: =IFERROR(INDEX($R:$R,MATCH(AT73,$C:$C,FALSE)),"") -> 200001000526 | AZ73: =_xludf.ifna(INDEX($V:$V,MATCH(AT73,$C:$C,FALSE)),"") -> #NAME? | BA73: =_xludf.ifna(INDEX($W:$W,MATCH(AT73,$C:$C,FALSE)),"") -> #NAME? | BB73: =_xludf.ifna(INDEX($X:$X,MATCH(AT73,$C:$C,FALSE)),"") -> #NAME? | BC73: =_xludf.ifna(INDEX($AD:$AD,MATCH(AT73,$C:$C,FALSE)),"") -> #NAME? | BD73: =_xludf.ifna(INDEX($AE:$AE,MATCH(AT73,$C:$C,FALSE)),"") -> #NAME? | BE73: =_xludf.ifna(INDEX($AG:$AG,MATCH(AT73,$C:$C,FALSE)),"") -> #NAME? | BF73: =_xludf.ifna(INDEX($T:$T,MATCH(AT73,$C:$C,FALSE),""),"") -> #NAME? | BG73: =_xludf.ifna(INDEX($AI:$AI,MATCH(AT73,$C:$C,FALSE)),"") -> #NAME?
A74: =IF(C74=0,"",ROW()-ROW($A$2)) -> 72 | B74: 46028 | C74: GMIAMMIPT/2026/01/0986 | D74: 14L-0107-2 | E74: Oil ND8 HFC134A 250 ml | F74: 1 | G74: EA | H74: =IF(C74=0,"",IF(R74>0,"DONE","WAITING")) -> DONE | I74: D5124 | J74: D155A-6 | K74: Komatsu | L74: 12075 | M74: PS 2000 | N74: PS 2000 | O74: TRACK | P74: ADITIA | Q74: AGUS | R74: 200000988582 | S74: 46036 | T74: =IF(C74=0,"",IF(ISBLANK(S74),"WAITING","DONE")) -> DONE | U74: 46037 | V74: 9200067423 | W74: 42014 | X74: 46041 | Y74: =IF(C74=0,"",IF(V74>0,"DONE","WAITING")) -> DONE | Z74: DO 45854 | AA74: 46042 | AB74: =IF(C74=0,"",IF(Z74>0,"DONE","WAITING")) -> DONE | AD74: GMI26-0044818 | AE74: 46043 | AF74: =IF(C74=0,"",IF(ISBLANK(AD74),"WAITING","DONE")) -> DONE | AG74: 46043 | AH74: 46098 | AI74: =IF(AD74=0,"",IF(ISBLANK(AH74),"UNPAID","PAID")) -> PAID | AJ74: {=IFERROR(INDEX('[1]Master Price'!$E:$E,MATCH(D74,'[1]Master Price'!$B:$B,0)),"0")} -> 0 | AK74: =AJ74*F74 -> 0 | AL74: =IFERROR(DATEDIF(S74,T74,"d"),"0")&"-day" -> 0-day | AM74: =IFERROR(DATEDIF(S74,U74,"d"),"0")&"-day" -> 1-day | AN74: =IFERROR(DATEDIF(S74,X74,"d"),"0")&"-day" -> 5-day | AO74: =IFERROR(DATEDIF(X74,AA74,"d"),"0")&"-day" -> 1-day | AP74: =IFERROR(DATEDIF(AA74,AE74,"d"),"0")&"-day" -> 1-day | AQ74: =SUM(AL74:AP74)&"-day" -> 0-day | AS74: =IF(AT74=0,"",ROW()-ROW($AS$2)) -> 72 | AT74: GMIAMMIPT/2026/01/1037 | AU74: =_xludf.ifna(INDEX($B:$B,MATCH(AT74,$C:$C,FALSE)),"") -> #NAME? | AV74: =_xludf.ifna(INDEX($U:$U,MATCH(AT74,$C:$C,FALSE)),"") -> #NAME? | AW74: =_xludf.ifna(INDEX($Z:$Z,MATCH(AT74,$C:$C,FALSE)),"") -> #NAME? | AX74: =_xludf.ifna(INDEX($AA:$AA,MATCH(AT74,$C:$C,FALSE)),"") -> #NAME? | AY74: =IFERROR(INDEX($R:$R,MATCH(AT74,$C:$C,FALSE)),"") -> 200001000524 | AZ74: =_xludf.ifna(INDEX($V:$V,MATCH(AT74,$C:$C,FALSE)),"") -> #NAME? | BA74: =_xludf.ifna(INDEX($W:$W,MATCH(AT74,$C:$C,FALSE)),"") -> #NAME? | BB74: =_xludf.ifna(INDEX($X:$X,MATCH(AT74,$C:$C,FALSE)),"") -> #NAME? | BC74: =_xludf.ifna(INDEX($AD:$AD,MATCH(AT74,$C:$C,FALSE)),"") -> #NAME? | BD74: =_xludf.ifna(INDEX($AE:$AE,MATCH(AT74,$C:$C,FALSE)),"") -> #NAME? | BE74: =_xludf.ifna(INDEX($AG:$AG,MATCH(AT74,$C:$C,FALSE)),"") -> #NAME? | BF74: =_xludf.ifna(INDEX($T:$T,MATCH(AT74,$C:$C,FALSE),""),"") -> #NAME? | BG74: =_xludf.ifna(INDEX($AI:$AI,MATCH(AT74,$C:$C,FALSE)),"") -> #NAME?
... A79: =IF(C79=0,"",ROW()-ROW($A$2)) -> 77 | B79: 46028 | C79: GMIAMMIPT/2026/01/0986 | D79: 7L10-8-1 | E79: Standard Blade Fuses (ATS) 10 Amp red | F79: 2 | G79: EA | H79: =IF(C79=0,"",IF(R79>0,"DONE","WAITING")) -> DONE | I79: D5124 | J79: D155A-6 | K79: Komatsu | L79: 12075 | M79: PS 2000 | N79: PS 2000 | O79: TRACK | P79: ADITIA | Q79: AGUS | R79: 200000988582 | S79: 46036 | T79: =IF(C79=0,"",IF(ISBLANK(S79),"WAITING","DONE")) -> DONE | U79: 46037 | V79: 9200067423 | W79: 42014 | X79: 46041 | Y79: =IF(C79=0,"",IF(V79>0,"DONE","WAITING")) -> DONE | Z79: DO 45854 | AA79: 46042 | AB79: =IF(C79=0,"",IF(Z79>0,"DONE","WAITING")) -> DONE | AD79: GMI26-0044818 | AE79: 46043 | AF79: =IF(C79=0,"",IF(ISBLANK(AD79),"WAITING","DONE")) -> DONE | AG79: 46043 | AH79: 46098 | AI79: =IF(AD79=0,"",IF(ISBLANK(AH79),"UNPAID","PAID")) -> PAID | AJ79: {=IFERROR(INDEX('[1]Master Price'!$E:$E,MATCH(D79,'[1]Master Price'!$B:$B,0)),"0")} -> 0 | AK79: =AJ79*F79 -> 0 | AL79: =IFERROR(DATEDIF(S79,T79,"d"),"0")&"-day" -> 0-day | AM79: =IFERROR(DATEDIF(S79,U79,"d"),"0")&"-day" -> 1-day | AN79: =IFERROR(DATEDIF(S79,X79,"d"),"0")&"-day" -> 5-day | AO79: =IFERROR(DATEDIF(X79,AA79,"d"),"0")&"-day" -> 1-day | AP79: =IFERROR(DATEDIF(AA79,AE79,"d"),"0")&"-day" -> 1-day | AQ79: =SUM(AL79:AP79)&"-day" -> 0-day | AS79: =IF(AT79=0,"",ROW()-ROW($AS$2)) -> 77 | AT79: GMIAMMIPT/2026/01/1042 | AU79: =_xludf.ifna(INDEX($B:$B,MATCH(AT79,$C:$C,FALSE)),"") -> #NAME? | AV79: =_xludf.ifna(INDEX($U:$U,MATCH(AT79,$C:$C,FALSE)),"") -> #NAME? | AW79: =_xludf.ifna(INDEX($Z:$Z,MATCH(AT79,$C:$C,FALSE)),"") -> #NAME? | AX79: =_xludf.ifna(INDEX($AA:$AA,MATCH(AT79,$C:$C,FALSE)),"") -> #NAME? | AY79: =IFERROR(INDEX($R:$R,MATCH(AT79,$C:$C,FALSE)),"") -> 200001000523 | AZ79: =_xludf.ifna(INDEX($V:$V,MATCH(AT79,$C:$C,FALSE)),"") -> #NAME? | BA79: =_xludf.ifna(INDEX($W:$W,MATCH(AT79,$C:$C,FALSE)),"") -> #NAME? | BB79: =_xludf.ifna(INDEX($X:$X,MATCH(AT79,$C:$C,FALSE)),"") -> #NAME? | BC79: =_xludf.ifna(INDEX($AD:$AD,MATCH(AT79,$C:$C,FALSE)),"") -> #NAME? | BD79: =_xludf.ifna(INDEX($AE:$AE,MATCH(AT79,$C:$C,FALSE)),"") -> #NAME? | BE79: =_xludf.ifna(INDEX($AG:$AG,MATCH(AT79,$C:$C,FALSE)),"") -> #NAME? | BF79: =_xludf.ifna(INDEX($T:$T,MATCH(AT79,$C:$C,FALSE),""),"") -> #NAME? | BG79: =_xludf.ifna(INDEX($AI:$AI,MATCH(AT79,$C:$C,FALSE)),"") -> #NAME?
A80: =IF(C80=0,"",ROW()-ROW($A$2)) -> 78 | B80: 46030 | C80: GMIAMMIPT/2026/01/0987 | D80: 6L1-36-1 | E80: Vinyl Insulated Female Blade Terminal blue 4mm | F80: 10 | G80: EA | H80: =IF(C80=0,"",IF(R80>0,"DONE","WAITING")) -> DONE | I80: E431 | J80: PC400LC-8R | K80: Komatsu | L80: 9927 | N80: AC HOT | O80: TRACK | P80: HANDRIAN | Q80: AGUS | R80: 200000988585 | S80: 46036 | T80: =IF(C80=0,"",IF(ISBLANK(S80),"WAITING","DONE")) -> DONE | U80: 46037 | V80: 9200067425 | W80: 42016 | X80: 46041 | Y80: =IF(C80=0,"",IF(V80>0,"DONE","WAITING")) -> DONE | Z80: DO 45856 | AA80: 46042 | AB80: =IF(C80=0,"",IF(Z80>0,"DONE","WAITING")) -> DONE | AD80: GMI26-0044816 | AE80: 46043 | AF80: =IF(C80=0,"",IF(ISBLANK(AD80),"WAITING","DONE")) -> DONE | AG80: 46043 | AH80: 46098 | AI80: =IF(AD80=0,"",IF(ISBLANK(AH80),"UNPAID","PAID")) -> PAID | AJ80: {=IFERROR(INDEX('[1]Master Price'!$E:$E,MATCH(D80,'[1]Master Price'!$B:$B,0)),"0")} -> 0 | AK80: =AJ80*F80 -> 0 | AL80: =IFERROR(DATEDIF(S80,T80,"d"),"0")&"-day" -> 0-day | AM80: =IFERROR(DATEDIF(S80,U80,"d"),"0")&"-day" -> 1-day | AN80: =IFERROR(DATEDIF(S80,X80,"d"),"0")&"-day" -> 5-day | AO80: =IFERROR(DATEDIF(X80,AA80,"d"),"0")&"-day" -> 1-day | AP80: =IFERROR(DATEDIF(AA80,AE80,"d"),"0")&"-day" -> 1-day | AQ80: =SUM(AL80:AP80)&"-day" -> 0-day | AS80: =IF(AT80=0,"",ROW()-ROW($AS$2)) -> 78 | AT80: GMIAMMIPT/2026/01/1043 | AU80: =_xludf.ifna(INDEX($B:$B,MATCH(AT80,$C:$C,FALSE)),"") -> #NAME? | AV80: =_xludf.ifna(INDEX($U:$U,MATCH(AT80,$C:$C,FALSE)),"") -> #NAME? | AW80: =_xludf.ifna(INDEX($Z:$Z,MATCH(AT80,$C:$C,FALSE)),"") -> #NAME? | AX80: =_xludf.ifna(INDEX($AA:$AA,MATCH(AT80,$C:$C,FALSE)),"") -> #NAME? | AY80: =IFERROR(INDEX($R:$R,MATCH(AT80,$C:$C,FALSE)),"") -> 200001000521 | AZ80: =_xludf.ifna(INDEX($V:$V,MATCH(AT80,$C:$C,FALSE)),"") -> #NAME? | BA80: =_xludf.ifna(INDEX($W:$W,MATCH(AT80,$C:$C,FALSE)),"") -> #NAME? | BB80: =_xludf.ifna(INDEX($X:$X,MATCH(AT80,$C:$C,FALSE)),"") -> #NAME? | BC80: =_xludf.ifna(INDEX($AD:$AD,MATCH(AT80,$C:$C,FALSE)),"") -> #NAME? | BD80: =_xludf.ifna(INDEX($AE:$AE,MATCH(AT80,$C:$C,FALSE)),"") -> #NAME? | BE80: =_xludf.ifna(INDEX($AG:$AG,MATCH(AT80,$C:$C,FALSE)),"") -> #NAME? | BF80: =_xludf.ifna(INDEX($T:$T,MATCH(AT80,$C:$C,FALSE),""),"") -> #NAME? | BG80: =_xludf.ifna(INDEX($AI:$AI,MATCH(AT80,$C:$C,FALSE)),"") -> #NAME?
A81: =IF(C81=0,"",ROW()-ROW($A$2)) -> 79 | B81: 46030 | C81: GMIAMMIPT/2026/01/0987 | D81: 14L-0094-F | E81: THERMOSTAT FUJIN | F81: 1 | G81: EA | H81: =IF(C81=0,"",IF(R81>0,"DONE","WAITING")) -> DONE | I81: E431 | J81: PC400LC-8R | K81: Komatsu | L81: 9927 | N81: AC HOT | O81: TRACK | P81: HANDRIAN | Q81: AGUS | R81: 200000988585 | S81: 46036 | T81: =IF(C81=0,"",IF(ISBLANK(S81),"WAITING","DONE")) -> DONE | U81: 46037 | V81: 9200067425 | W81: 42016 | X81: 46041 | Y81: =IF(C81=0,"",IF(V81>0,"DONE","WAITING")) -> DONE | Z81: DO 45856 | AA81: 46042 | AB81: =IF(C81=0,"",IF(Z81>0,"DONE","WAITING")) -> DONE | AD81: GMI26-0044816 | AE81: 46043 | AF81: =IF(C81=0,"",IF(ISBLANK(AD81),"WAITING","DONE")) -> DONE | AG81: 46043 | AH81: 46098 | AI81: =IF(AD81=0,"",IF(ISBLANK(AH81),"UNPAID","PAID")) -> PAID | AJ81: {=IFERROR(INDEX('[1]Master Price'!$E:$E,MATCH(D81,'[1]Master Price'!$B:$B,0)),"0")} -> 0 | AK81: =AJ81*F81 -> 0 | AL81: =IFERROR(DATEDIF(S81,T81,"d"),"0")&"-day" -> 0-day | AM81: =IFERROR(DATEDIF(S81,U81,"d"),"0")&"-day" -> 1-day | AN81: =IFERROR(DATEDIF(S81,X81,"d"),"0")&"-day" -> 5-day | AO81: =IFERROR(DATEDIF(X81,AA81,"d"),"0")&"-day" -> 1-day | AP81: =IFERROR(DATEDIF(AA81,AE81,"d"),"0")&"-day" -> 1-day | AQ81: =SUM(AL81:AP81)&"-day" -> 0-day | AS81: =IF(AT81=0,"",ROW()-ROW($AS$2)) -> 79 | AT81: GMIAMMIPT/2026/01/1044 | AU81: =_xludf.ifna(INDEX($B:$B,MATCH(AT81,$C:$C,FALSE)),"") -> #NAME? | AV81: =_xludf.ifna(INDEX($U:$U,MATCH(AT81,$C:$C,FALSE)),"") -> #NAME? | AW81: =_xludf.ifna(INDEX($Z:$Z,MATCH(AT81,$C:$C,FALSE)),"") -> #NAME? | AX81: =_xludf.ifna(INDEX($AA:$AA,MATCH(AT81,$C:$C,FALSE)),"") -> #NAME? | AY81: =IFERROR(INDEX($R:$R,MATCH(AT81,$C:$C,FALSE)),"") -> 210000273042 | AZ81: =_xludf.ifna(INDEX($V:$V,MATCH(AT81,$C:$C,FALSE)),"") -> #NAME? | BA81: =_xludf.ifna(INDEX($W:$W,MATCH(AT81,$C:$C,FALSE)),"") -> #NAME? | BB81: =_xludf.ifna(INDEX($X:$X,MATCH(AT81,$C:$C,FALSE)),"") -> #NAME? | BC81: =_xludf.ifna(INDEX($AD:$AD,MATCH(AT81,$C:$C,FALSE)),"") -> #NAME? | BD81: =_xludf.ifna(INDEX($AE:$AE,MATCH(AT81,$C:$C,FALSE)),"") -> #NAME? | BE81: =_xludf.ifna(INDEX($AG:$AG,MATCH(AT81,$C:$C,FALSE)),"") -> #NAME? | BF81: =_xludf.ifna(INDEX($T:$T,MATCH(AT81,$C:$C,FALSE),""),"") -> #NAME? | BG81: =_xludf.ifna(INDEX($AI:$AI,MATCH(AT81,$C:$C,FALSE)),"") -> #NAME?
A82: =IF(C82=0,"",ROW()-ROW($A$2)) -> 80 | B82: 46030 | C82: GMIAMMIPT/2026/01/0988 | D82: 11L-2103 | E82: Aerotape | F82: 1 | G82: EA | H82: =IF(C82=0,"",IF(R82>0,"DONE","WAITING")) -> DONE | I82: TL513 | J82: LT9 7,0 KVA 230V | K82: JCB | N82: SUPPLY ONLY | O82: SUPPORT | P82: LEO | Q82: MUHTAR | R82: 200000988589 | S82: 46036 | T82: =IF(C82=0,"",IF(ISBLANK(S82),"WAITING","DONE")) -> DONE | U82: 46037 | V82: 9200067417 | W82: 42009 | X82: 46041 | Y82: =IF(C82=0,"",IF(V82>0,"DONE","WAITING")) -> DONE | Z82: DO 45846 | AA82: 46042 | AB82: =IF(C82=0,"",IF(Z82>0,"DONE","WAITING")) -> DONE | AD82: GMI26-0044823 | AE82: 46043 | AF82: =IF(C82=0,"",IF(ISBLANK(AD82),"WAITING","DONE")) -> DONE | AG82: 46043 | AH82: 46098 | AI82: =IF(AD82=0,"",IF(ISBLANK(AH82),"UNPAID","PAID")) -> PAID | AJ82: {=IFERROR(INDEX('[1]Master Price'!$E:$E,MATCH(D82,'[1]Master Price'!$B:$B,0)),"0")} -> 0 | AK82: =AJ82*F82 -> 0 | AL82: =IFERROR(DATEDIF(S82,T82,"d"),"0")&"-day" -> 0-day | AM82: =IFERROR(DATEDIF(S82,U82,"d"),"0")&"-day" -> 1-day | AN82: =IFERROR(DATEDIF(S82,X82,"d"),"0")&"-day" -> 5-day | AO82: =IFERROR(DATEDIF(X82,AA82,"d"),"0")&"-day" -> 1-day | AP82: =IFERROR(DATEDIF(AA82,AE82,"d"),"0")&"-day" -> 1-day | AQ82: =SUM(AL82:AP82)&"-day" -> 0-day | AS82: =IF(AT82=0,"",ROW()-ROW($AS$2)) -> 80 | AT82: GMIAMMIPT/2026/01/1045 | AU82: =_xludf.ifna(INDEX($B:$B,MATCH(AT82,$C:$C,FALSE)),"") -> #NAME? | AV82: =_xludf.ifna(INDEX($U:$U,MATCH(AT82,$C:$C,FALSE)),"") -> #NAME? | AW82: =_xludf.ifna(INDEX($Z:$Z,MATCH(AT82,$C:$C,FALSE)),"") -> #NAME? | AX82: =_xludf.ifna(INDEX($AA:$AA,MATCH(AT82,$C:$C,FALSE)),"") -> #NAME? | AY82: =IFERROR(INDEX($R:$R,MATCH(AT82,$C:$C,FALSE)),"") -> 200000997067 | AZ82: =_xludf.ifna(INDEX($V:$V,MATCH(AT82,$C:$C,FALSE)),"") -> #NAME? | BA82: =_xludf.ifna(INDEX($W:$W,MATCH(AT82,$C:$C,FALSE)),"") -> #NAME? | BB82: =_xludf.ifna(INDEX($X:$X,MATCH(AT82,$C:$C,FALSE)),"") -> #NAME? | BC82: =_xludf.ifna(INDEX($AD:$AD,MATCH(AT82,$C:$C,FALSE)),"") -> #NAME? | BD82: =_xludf.ifna(INDEX($AE:$AE,MATCH(AT82,$C:$C,FALSE)),"") -> #NAME? | BE82: =_xludf.ifna(INDEX($AG:$AG,MATCH(AT82,$C:$C,FALSE)),"") -> #NAME? | BF82: =_xludf.ifna(INDEX($T:$T,MATCH(AT82,$C:$C,FALSE),""),"") -> #NAME? | BG82: =_xludf.ifna(INDEX($AI:$AI,MATCH(AT82,$C:$C,FALSE)),"") -> #NAME?
A83: =IF(C83=0,"",ROW()-ROW($A$2)) -> 81 | B83: 46030 | C83: GMIAMMIPT/2026/01/0989 | D83: 2L3-ND40S | E83: LED Work Light 40W, 9-80VDC, IP68, Spot Beam LOURDES | F83: 1 | G83: EA | H83: =IF(C83=0,"",IF(R83>0,"DONE","WAITING")) -> DONE | I83: G5826 | J83: GD825A-2 | K83: Komatsu | N83: SUPPLY ONLY | O83: WHEEL | P83: LEO | Q83: KUSWOTO | R83: 200000988592 | S83: 46036 | T83: =IF(C83=0,"",IF(ISBLANK(S83),"WAITING","DONE")) -> DONE | U83: 46037 | V83: 9200067416 | W83: 42008 | X83: 46041 | Y83: =IF(C83=0,"",IF(V83>0,"DONE","WAITING")) -> DONE | Z83: DO 45845 | AA83: 46042 | AB83: =IF(C83=0,"",IF(Z83>0,"DONE","WAITING")) -> DONE | AD83: GMI26-0044824 | AE83: 46043 | AF83: =IF(C83=0,"",IF(ISBLANK(AD83),"WAITING","DONE")) -> DONE | AG83: 46043 | AH83: 46098 | AI83: =IF(AD83=0,"",IF(ISBLANK(AH83),"UNPAID","PAID")) -> PAID | AJ83: {=IFERROR(INDEX('[1]Master Price'!$E:$E,MATCH(D83,'[1]Master Price'!$B:$B,0)),"0")} -> 0 | AK83: =AJ83*F83 -> 0 | AL83: =IFERROR(DATEDIF(S83,T83,"d"),"0")&"-day" -> 0-day | AM83: =IFERROR(DATEDIF(S83,U83,"d"),"0")&"-day" -> 1-day | AN83: =IFERROR(DATEDIF(S83,X83,"d"),"0")&"-day" -> 5-day | AO83: =IFERROR(DATEDIF(X83,AA83,"d"),"0")&"-day" -> 1-day | AP83: =IFERROR(DATEDIF(AA83,AE83,"d"),"0")&"-day" -> 1-day | AQ83: =SUM(AL83:AP83)&"-day" -> 0-day | AS83: =IF(AT83=0,"",ROW()-ROW($AS$2)) -> 81 | AT83: GMIAMMIPT/2026/01/1046 | AU83: =_xludf.ifna(INDEX($B:$B,MATCH(AT83,$C:$C,FALSE)),"") -> #NAME? | AV83: =_xludf.ifna(INDEX($U:$U,MATCH(AT83,$C:$C,FALSE)),"") -> #NAME? | AW83: =_xludf.ifna(INDEX($Z:$Z,MATCH(AT83,$C:$C,FALSE)),"") -> #NAME? | AX83: =_xludf.ifna(INDEX($AA:$AA,MATCH(AT83,$C:$C,FALSE)),"") -> #NAME? | AY83: =IFERROR(INDEX($R:$R,MATCH(AT83,$C:$C,FALSE)),"") -> 200001000518 | AZ83: =_xludf.ifna(INDEX($V:$V,MATCH(AT83,$C:$C,FALSE)),"") -> #NAME? | BA83: =_xludf.ifna(INDEX($W:$W,MATCH(AT83,$C:$C,FALSE)),"") -> #NAME? | BB83: =_xludf.ifna(INDEX($X:$X,MATCH(AT83,$C:$C,FALSE)),"") -> #NAME? | BC83: =_xludf.ifna(INDEX($AD:$AD,MATCH(AT83,$C:$C,FALSE)),"") -> #NAME? | BD83: =_xludf.ifna(INDEX($AE:$AE,MATCH(AT83,$C:$C,FALSE)),"") -> #NAME? | BE83: =_xludf.ifna(INDEX($AG:$AG,MATCH(AT83,$C:$C,FALSE)),"") -> #NAME? | BF83: =_xludf.ifna(INDEX($T:$T,MATCH(AT83,$C:$C,FALSE),""),"") -> #NAME? | BG83: =_xludf.ifna(INDEX($AI:$AI,MATCH(AT83,$C:$C,FALSE)),"") -> #NAME?
A84: =IF(C84=0,"",ROW()-ROW($A$2)) -> 82 | B84: 46030 | C84: GMIAMMIPT/2026/01/0989 | D84: 6L1-36-1 | E84: Vinyl Insulated Female Blade Terminal blue 4mm | F84: 10 | G84: EA | H84: =IF(C84=0,"",IF(R84>0,"DONE","WAITING")) -> DONE | I84: G5826 | J84: GD825A-2 | K84: Komatsu | N84: SUPPLY ONLY | O84: WHEEL | P84: LEO | Q84: KUSWOTO | R84: 200000988592 | S84: 46036 | T84: =IF(C84=0,"",IF(ISBLANK(S84),"WAITING","DONE")) -> DONE | U84: 46037 | V84: 9200067416 | W84: 42008 | X84: 46041 | Y84: =IF(C84=0,"",IF(V84>0,"DONE","WAITING")) -> DONE | Z84: DO 45845 | AA84: 46042 | AB84: =IF(C84=0,"",IF(Z84>0,"DONE","WAITING")) -> DONE | AD84: GMI26-0044824 | AE84: 46043 | AF84: =IF(C84=0,"",IF(ISBLANK(AD84),"WAITING","DONE")) -> DONE | AG84: 46043 | AH84: 46098 | AI84: =IF(AD84=0,"",IF(ISBLANK(AH84),"UNPAID","PAID")) -> PAID | AJ84: {=IFERROR(INDEX('[1]Master Price'!$E:$E,MATCH(D84,'[1]Master Price'!$B:$B,0)),"0")} -> 0 | AK84: =AJ84*F84 -> 0 | AL84: =IFERROR(DATEDIF(S84,T84,"d"),"0")&"-day" -> 0-day | AM84: =IFERROR(DATEDIF(S84,U84,"d"),"0")&"-day" -> 1-day | AN84: =IFERROR(DATEDIF(S84,X84,"d"),"0")&"-day" -> 5-day | AO84: =IFERROR(DATEDIF(X84,AA84,"d"),"0")&"-day" -> 1-day | AP84: =IFERROR(DATEDIF(AA84,AE84,"d"),"0")&"-day" -> 1-day | AQ84: =SUM(AL84:AP84)&"-day" -> 0-day | AS84: =IF(AT84=0,"",ROW()-ROW($AS$2)) -> 82 | AT84: GMIAMMIPT/2026/01/1047 | AU84: =_xludf.ifna(INDEX($B:$B,MATCH(AT84,$C:$C,FALSE)),"") -> #NAME? | AV84: =_xludf.ifna(INDEX($U:$U,MATCH(AT84,$C:$C,FALSE)),"") -> #NAME? | AW84: =_xludf.ifna(INDEX($Z:$Z,MATCH(AT84,$C:$C,FALSE)),"") -> #NAME? | AX84: =_xludf.ifna(INDEX($AA:$AA,MATCH(AT84,$C:$C,FALSE)),"") -> #NAME? | AY84: =IFERROR(INDEX($R:$R,MATCH(AT84,$C:$C,FALSE)),"") -> 200000999492 | AZ84: =_xludf.ifna(INDEX($V:$V,MATCH(AT84,$C:$C,FALSE)),"") -> #NAME? | BA84: =_xludf.ifna(INDEX($W:$W,MATCH(AT84,$C:$C,FALSE)),"") -> #NAME? | BB84: =_xludf.ifna(INDEX($X:$X,MATCH(AT84,$C:$C,FALSE)),"") -> #NAME? | BC84: =_xludf.ifna(INDEX($AD:$AD,MATCH(AT84,$C:$C,FALSE)),"") -> #NAME? | BD84: =_xludf.ifna(INDEX($AE:$AE,MATCH(AT84,$C:$C,FALSE)),"") -> #NAME? | BE84: =_xludf.ifna(INDEX($AG:$AG,MATCH(AT84,$C:$C,FALSE)),"") -> #NAME? | BF84: =_xludf.ifna(INDEX($T:$T,MATCH(AT84,$C:$C,FALSE),""),"") -> #NAME? | BG84: =_xludf.ifna(INDEX($AI:$AI,MATCH(AT84,$C:$C,FALSE)),"") -> #NAME?
A85: =IF(C85=0,"",ROW()-ROW($A$2)) -> 83 | B85: 46030 | C85: GMIAMMIPT/2026/01/0990 | D85: 14L-0728 | E85: Expantion Valve Mercy Axor CH | F85: 4 | G85: EA | H85: =IF(C85=0,"",IF(R85>0,"DONE","WAITING")) -> DONE | I85: FT52525 | J85: AXOR 2528C | K85: Mercedes Benz | N85: SUPPLY ONLY | O85: SUPPORT | P85: LEO | Q85: ANANG | R85: CANCEL | S85: CANCEL | T85: =IF(C85=0,"",IF(ISBLANK(S85),"WAITING","DONE")) -> DONE | V85: CANCEL | Y85: =IF(C85=0,"",IF(V85>0,"DONE","WAITING")) -> DONE | Z85: CANCEL | AB85: =IF(C85=0,"",IF(Z85>0,"DONE","WAITING")) -> DONE | AD85: CANCEL | AF85: =IF(C85=0,"",IF(ISBLANK(AD85),"WAITING","DONE")) -> DONE | AI85: =IF(AD85=0,"",IF(ISBLANK(AH85),"UNPAID","PAID")) -> UNPAID | AJ85: {=IFERROR(INDEX('[1]Master Price'!$E:$E,MATCH(D85,'[1]Master Price'!$B:$B,0)),"0")} -> 0 | AK85: =AJ85*F85 -> 0 | AL85: =IFERROR(DATEDIF(S85,T85,"d"),"0")&"-day" -> 0-day | AM85: =IFERROR(DATEDIF(S85,U85,"d"),"0")&"-day" -> 0-day | AN85: =IFERROR(DATEDIF(S85,X85,"d"),"0")&"-day" -> 0-day | AO85: =IFERROR(DATEDIF(X85,AA85,"d"),"0")&"-day" -> 0-day | AP85: =IFERROR(DATEDIF(AA85,AE85,"d"),"0")&"-day" -> 0-day | AQ85: =SUM(AL85:AP85)&"-day" -> 0-day | AS85: =IF(AT85=0,"",ROW()-ROW($AS$2)) -> 83 | AT85: GMIAMMIPT/2026/01/1048 | AU85: =_xludf.ifna(INDEX($B:$B,MATCH(AT85,$C:$C,FALSE)),"") -> #NAME? | AV85: =_xludf.ifna(INDEX($U:$U,MATCH(AT85,$C:$C,FALSE)),"") -> #NAME? | AW85: =_xludf.ifna(INDEX($Z:$Z,MATCH(AT85,$C:$C,FALSE)),"") -> #NAME? | AX85: =_xludf.ifna(INDEX($AA:$AA,MATCH(AT85,$C:$C,FALSE)),"") -> #NAME? | AY85: =IFERROR(INDEX($R:$R,MATCH(AT85,$C:$C,FALSE)),"") -> 200000999495 | AZ85: =_xludf.ifna(INDEX($V:$V,MATCH(AT85,$C:$C,FALSE)),"") -> #NAME? | BA85: =_xludf.ifna(INDEX($W:$W,MATCH(AT85,$C:$C,FALSE)),"") -> #NAME? | BB85: =_xludf.ifna(INDEX($X:$X,MATCH(AT85,$C:$C,FALSE)),"") -> #NAME? | BC85: =_xludf.ifna(INDEX($AD:$AD,MATCH(AT85,$C:$C,FALSE)),"") -> #NAME? | BD85: =_xludf.ifna(INDEX($AE:$AE,MATCH(AT85,$C:$C,FALSE)),"") -> #NAME? | BE85: =_xludf.ifna(INDEX($AG:$AG,MATCH(AT85,$C:$C,FALSE)),"") -> #NAME? | BF85: =_xludf.ifna(INDEX($T:$T,MATCH(AT85,$C:$C,FALSE),""),"") -> #NAME? | BG85: =_xludf.ifna(INDEX($AI:$AI,MATCH(AT85,$C:$C,FALSE)),"") -> #NAME?
A86: =IF(C86=0,"",ROW()-ROW($A$2)) -> 84 | B86: 46030 | C86: GMIAMMIPT/2026/01/0990 | D86: 11L-1734 | E86: Klea freon R134 | F86: 1 | G86: EA | H86: =IF(C86=0,"",IF(R86>0,"DONE","WAITING")) -> DONE | I86: FT52525 | J86: AXOR 2528C | K86: Mercedes Benz | N86: SUPPLY ONLY | O86: SUPPORT | P86: LEO | Q86: ANANG | R86: CANCEL | S86: CANCEL | T86: =IF(C86=0,"",IF(ISBLANK(S86),"WAITING","DONE")) -> DONE | V86: CANCEL | Y86: =IF(C86=0,"",IF(V86>0,"DONE","WAITING")) -> DONE | Z86: CANCEL | AB86: =IF(C86=0,"",IF(Z86>0,"DONE","WAITING")) -> DONE | AD86: CANCEL | AF86: =IF(C86=0,"",IF(ISBLANK(AD86),"WAITING","DONE")) -> DONE | AI86: =IF(AD86=0,"",IF(ISBLANK(AH86),"UNPAID","PAID")) -> UNPAID | AJ86: {=IFERROR(INDEX('[1]Master Price'!$E:$E,MATCH(D86,'[1]Master Price'!$B:$B,0)),"0")} -> 0 | AK86: =AJ86*F86 -> 0 | AL86: =IFERROR(DATEDIF(S86,T86,"d"),"0")&"-day" -> 0-day | AM86: =IFERROR(DATEDIF(S86,U86,"d"),"0")&"-day" -> 0-day | AN86: =IFERROR(DATEDIF(S86,X86,"d"),"0")&"-day" -> 0-day | AO86: =IFERROR(DATEDIF(X86,AA86,"d"),"0")&"-day" -> 0-day | AP86: =IFERROR(DATEDIF(AA86,AE86,"d"),"0")&"-day" -> 0-day | AQ86: =SUM(AL86:AP86)&"-day" -> 0-day | AS86: =IF(AT86=0,"",ROW()-ROW($AS$2)) -> 84 | AT86: GMIAMMIPT/2026/01/1049 | AU86: =_xludf.ifna(INDEX($B:$B,MATCH(AT86,$C:$C,FALSE)),"") -> #NAME? | AV86: =_xludf.ifna(INDEX($U:$U,MATCH(AT86,$C:$C,FALSE)),"") -> #NAME? | AW86: =_xludf.ifna(INDEX($Z:$Z,MATCH(AT86,$C:$C,FALSE)),"") -> #NAME? | AX86: =_xludf.ifna(INDEX($AA:$AA,MATCH(AT86,$C:$C,FALSE)),"") -> #NAME? | AY86: =IFERROR(INDEX($R:$R,MATCH(AT86,$C:$C,FALSE)),"") -> 200000999497 | AZ86: =_xludf.ifna(INDEX($V:$V,MATCH(AT86,$C:$C,FALSE)),"") -> #NAME? | BA86: =_xludf.ifna(INDEX($W:$W,MATCH(AT86,$C:$C,FALSE)),"") -> #NAME? | BB86: =_xludf.ifna(INDEX($X:$X,MATCH(AT86,$C:$C,FALSE)),"") -> #NAME? | BC86: =_xludf.ifna(INDEX($AD:$AD,MATCH(AT86,$C:$C,FALSE)),"") -> #NAME? | BD86: =_xludf.ifna(INDEX($AE:$AE,MATCH(AT86,$C:$C,FALSE)),"") -> #NAME? | BE86: =_xludf.ifna(INDEX($AG:$AG,MATCH(AT86,$C:$C,FALSE)),"") -> #NAME? | BF86: =_xludf.ifna(INDEX($T:$T,MATCH(AT86,$C:$C,FALSE),""),"") -> #NAME? | BG86: =_xludf.ifna(INDEX($AI:$AI,MATCH(AT86,$C:$C,FALSE)),"") -> #NAME?
A87: =IF(C87=0,"",ROW()-ROW($A$2)) -> 85 | B87: 46035 | C87: GMIAMMIPT/2026/01/0991 | D87: 14L-0228 | E87: Filter Cabin for HD785-7, HD465-7 R | F87: 2 | G87: EA | H87: =IF(C87=0,"",IF(R87>0,"DONE","WAITING")) -> DONE | I87: H57329 | J87: HD785-7 | K87: Komatsu | L87: 1010 | M87: PS 1000 | N87: PS 1000 | O87: WHEEL | P87: AZIZ | Q87: ANANG | R87: 210000271149 | S87: 46041 | T87: =IF(C87=0,"",IF(ISBLANK(S87),"WAITING","DONE")) -> DONE | V87: 7000228515 | W87: 42179 | X87: 46045 | Y87: =IF(C87=0,"",IF(V87>0,"DONE","WAITING")) -> DONE | Z87: DO 46068 | AA87: 46049 | AB87: =IF(C87=0,"",IF(Z87>0,"DONE","WAITING")) -> DONE | AD87: GMI26-0044987 | AE87: 46049 | AF87: =IF(C87=0,"",IF(ISBLANK(AD87),"WAITING","DONE")) -> DONE | AG87: 46050 | AH87: 46098 | AI87: =IF(AD87=0,"",IF(ISBLANK(AH87),"UNPAID","PAID")) -> PAID | AJ87: {=IFERROR(INDEX('[1]Master Price'!$E:$E,MATCH(D87,'[1]Master Price'!$B:$B,0)),"0")} -> 0 | AK87: =AJ87*F87 -> 0 | AL87: =IFERROR(DATEDIF(S87,T87,"d"),"0")&"-day" -> 0-day | AM87: =IFERROR(DATEDIF(S87,U87,"d"),"0")&"-day" -> 0-day | AN87: =IFERROR(DATEDIF(S87,X87,"d"),"0")&"-day" -> 4-day | AO87: =IFERROR(DATEDIF(X87,AA87,"d"),"0")&"-day" -> 4-day | AP87: =IFERROR(DATEDIF(AA87,AE87,"d"),"0")&"-day" -> 0-day | AQ87: =SUM(AL87:AP87)&"-day" -> 0-day | AS87: =IF(AT87=0,"",ROW()-ROW($AS$2)) -> 85 | AT87: GMIAMMIPT/2026/01/1050 | AU87: =_xludf.ifna(INDEX($B:$B,MATCH(AT87,$C:$C,FALSE)),"") -> #NAME? | AV87: =_xludf.ifna(INDEX($U:$U,MATCH(AT87,$C:$C,FALSE)),"") -> #NAME? | AW87: =_xludf.ifna(INDEX($Z:$Z,MATCH(AT87,$C:$C,FALSE)),"") -> #NAME? | AX87: =_xludf.ifna(INDEX($AA:$AA,MATCH(AT87,$C:$C,FALSE)),"") -> #NAME? | AY87: =IFERROR(INDEX($R:$R,MATCH(AT87,$C:$C,FALSE)),"") -> 200000998076 | AZ87: =_xludf.ifna(INDEX($V:$V,MATCH(AT87,$C:$C,FALSE)),"") -> #NAME? | BA87: =_xludf.ifna(INDEX($W:$W,MATCH(AT87,$C:$C,FALSE)),"") -> #NAME? | BB87: =_xludf.ifna(INDEX($X:$X,MATCH(AT87,$C:$C,FALSE)),"") -> #NAME? | BC87: =_xludf.ifna(INDEX($AD:$AD,MATCH(AT87,$C:$C,FALSE)),"") -> #NAME? | BD87: =_xludf.ifna(INDEX($AE:$AE,MATCH(AT87,$C:$C,FALSE)),"") -> #NAME? | BE87: =_xludf.ifna(INDEX($AG:$AG,MATCH(AT87,$C:$C,FALSE)),"") -> #NAME? | BF87: =_xludf.ifna(INDEX($T:$T,MATCH(AT87,$C:$C,FALSE),""),"") -> #NAME? | BG87: =_xludf.ifna(INDEX($AI:$AI,MATCH(AT87,$C:$C,FALSE)),"") -> #NAME?
A88: =IF(C88=0,"",ROW()-ROW($A$2)) -> 86 | B88: 46035 | C88: GMIAMMIPT/2026/01/0992 | D88: 14L-0226 | E88: Filter Cabin for PC1250, D155 | F88: 2 | G88: EA | H88: =IF(C88=0,"",IF(R88>0,"DONE","WAITING")) -> DONE | I88: D5150 | J88: D155A-6 | K88: Komatsu | L88: 6067 | M88: PS 2000 | N88: PS 2000 | O88: TRACK | P88: DONY | Q88: DODI | R88: 200000992513 | S88: 46041 | T88: =IF(C88=0,"",IF(ISBLANK(S88),"WAITING","DONE")) -> DONE | V88: 9200068595 | W88: 42191 | X88: 46045 | Y88: =IF(C88=0,"",IF(V88>0,"DONE","WAITING")) -> DONE | Z88: DO 46081 | AA88: 46049 | AB88: =IF(C88=0,"",IF(Z88>0,"DONE","WAITING")) -> DONE | AD88: GMI26-0044999 | AE88: 46049 | AF88: =IF(C88=0,"",IF(ISBLANK(AD88),"WAITING","DONE")) -> DONE | AG88: 46050 | AH88: 46098 | AI88: =IF(AD88=0,"",IF(ISBLANK(AH88),"UNPAID","PAID")) -> PAID | AJ88: {=IFERROR(INDEX('[1]Master Price'!$E:$E,MATCH(D88,'[1]Master Price'!$B:$B,0)),"0")} -> 0 | AK88: =AJ88*F88 -> 0 | AL88: =IFERROR(DATEDIF(S88,T88,"d"),"0")&"-day" -> 0-day | AM88: =IFERROR(DATEDIF(S88,U88,"d"),"0")&"-day" -> 0-day | AN88: =IFERROR(DATEDIF(S88,X88,"d"),"0")&"-day" -> 4-day | AO88: =IFERROR(DATEDIF(X88,AA88,"d"),"0")&"-day" -> 4-day | AP88: =IFERROR(DATEDIF(AA88,AE88,"d"),"0")&"-day" -> 0-day | AQ88: =SUM(AL88:AP88)&"-day" -> 0-day | AS88: =IF(AT88=0,"",ROW()-ROW($AS$2)) -> 86 | AT88: GMIAMMIPT/2026/01/1051 | AU88: =_xludf.ifna(INDEX($B:$B,MATCH(AT88,$C:$C,FALSE)),"") -> #NAME? | AV88: =_xludf.ifna(INDEX($U:$U,MATCH(AT88,$C:$C,FALSE)),"") -> #NAME? | AW88: =_xludf.ifna(INDEX($Z:$Z,MATCH(AT88,$C:$C,FALSE)),"") -> #NAME? | AX88: =_xludf.ifna(INDEX($AA:$AA,MATCH(AT88,$C:$C,FALSE)),"") -> #NAME? | AY88: =IFERROR(INDEX($R:$R,MATCH(AT88,$C:$C,FALSE)),"") -> 200000998090 | AZ88: =_xludf.ifna(INDEX($V:$V,MATCH(AT88,$C:$C,FALSE)),"") -> #NAME? | BA88: =_xludf.ifna(INDEX($W:$W,MATCH(AT88,$C:$C,FALSE)),"") -> #NAME? | BB88: =_xludf.ifna(INDEX($X:$X,MATCH(AT88,$C:$C,FALSE)),"") -> #NAME? | BC88: =_xludf.ifna(INDEX($AD:$AD,MATCH(AT88,$C:$C,FALSE)),"") -> #NAME? | BD88: =_xludf.ifna(INDEX($AE:$AE,MATCH(AT88,$C:$C,FALSE)),"") -> #NAME? | BE88: =_xludf.ifna(INDEX($AG:$AG,MATCH(AT88,$C:$C,FALSE)),"") -> #NAME? | BF88: =_xludf.ifna(INDEX($T:$T,MATCH(AT88,$C:$C,FALSE),""),"") -> #NAME? | BG88: =_xludf.ifna(INDEX($AI:$AI,MATCH(AT88,$C:$C,FALSE)),"") -> #NAME?
A89: =IF(C89=0,"",ROW()-ROW($A$2)) -> 87 | B89: 46035 | C89: GMIAMMIPT/2026/01/0993 | D89: 14L-0228 | E89: Filter Cabin for HD785-7, HD465-7 R | F89: 1 | G89: EA | H89: =IF(C89=0,"",IF(R89>0,"DONE","WAITING")) -> DONE | I89: C577005 | J89: CAT 777E | K89: Caterpillar | L89: 14985 | M89: PS 1000 | N89: PS 1000 | O89: WHEEL | P89: DIKI | Q89: IBNU | R89: 200000992515 | S89: 46041 | T89: =IF(C89=0,"",IF(ISBLANK(S89),"WAITING","DONE")) -> DONE | V89: 9200068577 | W89: 42188 | X89: 46045 | Y89: =IF(C89=0,"",IF(V89>0,"DONE","WAITING")) -> DONE | Z89: DO 46078 | AA89: 46049 | AB89: =IF(C89=0,"",IF(Z89>0,"DONE","WAITING")) -> DONE | AD89: GMI26-0044996 | AE89: 46049 | AF89: =IF(C89=0,"",IF(ISBLANK(AD89),"WAITING","DONE")) -> DONE | AG89: 46050 | AH89: 46098 | AI89: =IF(AD89=0,"",IF(ISBLANK(AH89),"UNPAID","PAID")) -> PAID | AJ89: {=IFERROR(INDEX('[1]Master Price'!$E:$E,MATCH(D89,'[1]Master Price'!$B:$B,0)),"0")} -> 0 | AK89: =AJ89*F89 -> 0 | AL89: =IFERROR(DATEDIF(S89,T89,"d"),"0")&"-day" -> 0-day | AM89: =IFERROR(DATEDIF(S89,U89,"d"),"0")&"-day" -> 0-day | AN89: =IFERROR(DATEDIF(S89,#REF!,"d"),"0")&"-day" -> 0-day | AO89: =IFERROR(DATEDIF(#REF!,AA89,"d"),"0")&"-day" -> 0-day | AP89: =IFERROR(DATEDIF(AA89,AE89,"d"),"0")&"-day" -> 0-day | AQ89: =SUM(AL89:AP89)&"-day" -> 0-day | AS89: =IF(AT89=0,"",ROW()-ROW($AS$2)) -> 87 | AT89: GMIAMMIPT/2026/01/1052 | AU89: =_xludf.ifna(INDEX($B:$B,MATCH(AT89,$C:$C,FALSE)),"") -> #NAME? | AV89: =_xludf.ifna(INDEX($U:$U,MATCH(AT89,$C:$C,FALSE)),"") -> #NAME? | AW89: =_xludf.ifna(INDEX($Z:$Z,MATCH(AT89,$C:$C,FALSE)),"") -> #NAME? | AX89: =_xludf.ifna(INDEX($AA:$AA,MATCH(AT89,$C:$C,FALSE)),"") -> #NAME? | AY89: =IFERROR(INDEX($R:$R,MATCH(AT89,$C:$C,FALSE)),"") -> 200000998102 | AZ89: =_xludf.ifna(INDEX($V:$V,MATCH(AT89,$C:$C,FALSE)),"") -> #NAME? | BA89: =_xludf.ifna(INDEX($W:$W,MATCH(AT89,$C:$C,FALSE)),"") -> #NAME? | BB89: =_xludf.ifna(INDEX($X:$X,MATCH(AT89,$C:$C,FALSE)),"") -> #NAME? | BC89: =_xludf.ifna(INDEX($AD:$AD,MATCH(AT89,$C:$C,FALSE)),"") -> #NAME? | BD89: =_xludf.ifna(INDEX($AE:$AE,MATCH(AT89,$C:$C,FALSE)),"") -> #NAME? | BE89: =_xludf.ifna(INDEX($AG:$AG,MATCH(AT89,$C:$C,FALSE)),"") -> #NAME? | BF89: =_xludf.ifna(INDEX($T:$T,MATCH(AT89,$C:$C,FALSE),""),"") -> #NAME? | BG89: =_xludf.ifna(INDEX($AI:$AI,MATCH(AT89,$C:$C,FALSE)),"") -> #NAME?
A90: =IF(C90=0,"",ROW()-ROW($A$2)) -> 88 | B90: 46035 | C90: GMIAMMIPT/2026/01/0994 | D90: 14L-0456 | E90: Condensor 14x21 Multiflow | F90: 1 | G90: EA | H90: =IF(C90=0,"",IF(R90>0,"DONE","WAITING")) -> DONE | I90: D5851 | J90: D85ESS-2 | K90: Komatsu | L90: 5343 | M90: PS 250 | N90: PS 250 | O90: TRACK | P90: DONY | Q90: DODI | R90: 200000998764 | S90: 46050 | T90: =IF(C90=0,"",IF(ISBLANK(S90),"WAITING","DONE")) -> DONE | V90: 9200070248 | W90: 42527 | X90: 46056 | Y90: =IF(C90=0,"",IF(V90>0,"DONE","WAITING")) -> DONE | Z90: DO 46418 | AA90: 46056 | AB90: =IF(C90=0,"",IF(Z90>0,"DONE","WAITING")) -> DONE | AD90: GMI26-0045316 | AE90: 46057 | AF90: =IF(C90=0,"",IF(ISBLANK(AD90),"WAITING","DONE")) -> DONE | AG90: 46059 | AH90: 46098 | AI90: =IF(AD90=0,"",IF(ISBLANK(AH90),"UNPAID","PAID")) -> PAID | AJ90: {=IFERROR(INDEX('[1]Master Price'!$E:$E,MATCH(D90,'[1]Master Price'!$B:$B,0)),"0")} -> 0 | AK90: =AJ90*F90 -> 0 | AL90: =IFERROR(DATEDIF(S90,T90,"d"),"0")&"-day" -> 0-day | AM90: =IFERROR(DATEDIF(S90,U90,"d"),"0")&"-day" -> 0-day | AN90: =IFERROR(DATEDIF(S90,X90,"d"),"0")&"-day" -> 6-day | AO90: =IFERROR(DATEDIF(X90,AA90,"d"),"0")&"-day" -> 0-day | AP90: =IFERROR(DATEDIF(AA90,AE90,"d"),"0")&"-day" -> 1-day | AQ90: =SUM(AL90:AP90)&"-day" -> 0-day | AS90: =IF(AT90=0,"",ROW()-ROW($AS$2)) -> 88 | AT90: GMIAMMIPT/2026/01/1053 | AU90: =_xludf.ifna(INDEX($B:$B,MATCH(AT90,$C:$C,FALSE)),"") -> #NAME? | AV90: =_xludf.ifna(INDEX($U:$U,MATCH(AT90,$C:$C,FALSE)),"") -> #NAME? | AW90: =_xludf.ifna(INDEX($Z:$Z,MATCH(AT90,$C:$C,FALSE)),"") -> #NAME? | AX90: =_xludf.ifna(INDEX($AA:$AA,MATCH(AT90,$C:$C,FALSE)),"") -> #NAME? | AY90: =IFERROR(INDEX($R:$R,MATCH(AT90,$C:$C,FALSE)),"") -> 200000998081 | AZ90: =_xludf.ifna(INDEX($V:$V,MATCH(AT90,$C:$C,FALSE)),"") -> #NAME? | BA90: =_xludf.ifna(INDEX($W:$W,MATCH(AT90,$C:$C,FALSE)),"") -> #NAME? | BB90: =_xludf.ifna(INDEX($X:$X,MATCH(AT90,$C:$C,FALSE)),"") -> #NAME? | BC90: =_xludf.ifna(INDEX($AD:$AD,MATCH(AT90,$C:$C,FALSE)),"") -> #NAME? | BD90: =_xludf.ifna(INDEX($AE:$AE,MATCH(AT90,$C:$C,FALSE)),"") -> #NAME? | BE90: =_xludf.ifna(INDEX($AG:$AG,MATCH(AT90,$C:$C,FALSE)),"") -> #NAME? | BF90: =_xludf.ifna(INDEX($T:$T,MATCH(AT90,$C:$C,FALSE),""),"") -> #NAME? | BG90: =_xludf.ifna(INDEX($AI:$AI,MATCH(AT90,$C:$C,FALSE)),"") -> #NAME?
A91: =IF(C91=0,"",ROW()-ROW($A$2)) -> 89 | B91: 46035 | C91: GMIAMMIPT/2026/01/0994 | D91: 14L-0094-F | E91: THERMOSTAT FUJIN | F91: 1 | G91: EA | H91: =IF(C91=0,"",IF(R91>0,"DONE","WAITING")) -> DONE | I91: D5851 | J91: D85ESS-2 | K91: Komatsu | L91: 5343 | M91: PS 250 | N91: PS 250 | O91: TRACK | P91: DONY | Q91: DODI | R91: 200000998764 | S91: 46050 | T91: =IF(C91=0,"",IF(ISBLANK(S91),"WAITING","DONE")) -> DONE | V91: 9200070248 | W91: 42527 | X91: 46056 | Y91: =IF(C91=0,"",IF(V91>0,"DONE","WAITING")) -> DONE | Z91: DO 46418 | AA91: 46056 | AB91: =IF(C91=0,"",IF(Z91>0,"DONE","WAITING")) -> DONE | AD91: GMI26-0045316 | AE91: 46057 | AF91: =IF(C91=0,"",IF(ISBLANK(AD91),"WAITING","DONE")) -> DONE | AG91: 46059 | AH91: 46098 | AI91: =IF(AD91=0,"",IF(ISBLANK(AH91),"UNPAID","PAID")) -> PAID | AJ91: {=IFERROR(INDEX('[1]Master Price'!$E:$E,MATCH(D91,'[1]Master Price'!$B:$B,0)),"0")} -> 0 | AK91: =AJ91*F91 -> 0 | AL91: =IFERROR(DATEDIF(S91,T91,"d"),"0")&"-day" -> 0-day | AM91: =IFERROR(DATEDIF(S91,U91,"d"),"0")&"-day" -> 0-day | AN91: =IFERROR(DATEDIF(S91,X91,"d"),"0")&"-day" -> 6-day | AO91: =IFERROR(DATEDIF(X91,AA91,"d"),"0")&"-day" -> 0-day | AP91: =IFERROR(DATEDIF(AA91,AE91,"d"),"0")&"-day" -> 1-day | AQ91: =SUM(AL91:AP91)&"-day" -> 0-day | AS91: =IF(AT91=0,"",ROW()-ROW($AS$2)) -> 89 | AT91: GMIAMMIPT/2026/01/1054 | AU91: =_xludf.ifna(INDEX($B:$B,MATCH(AT91,$C:$C,FALSE)),"") -> #NAME? | AV91: =_xludf.ifna(INDEX($U:$U,MATCH(AT91,$C:$C,FALSE)),"") -> #NAME? | AW91: =_xludf.ifna(INDEX($Z:$Z,MATCH(AT91,$C:$C,FALSE)),"") -> #NAME? | AX91: =_xludf.ifna(INDEX($AA:$AA,MATCH(AT91,$C:$C,FALSE)),"") -> #NAME? | AY91: =IFERROR(INDEX($R:$R,MATCH(AT91,$C:$C,FALSE)),"") -> 200000998019 | AZ91: =_xludf.ifna(INDEX($V:$V,MATCH(AT91,$C:$C,FALSE)),"") -> #NAME? | BA91: =_xludf.ifna(INDEX($W:$W,MATCH(AT91,$C:$C,FALSE)),"") -> #NAME? | BB91: =_xludf.ifna(INDEX($X:$X,MATCH(AT91,$C:$C,FALSE)),"") -> #NAME? | BC91: =_xludf.ifna(INDEX($AD:$AD,MATCH(AT91,$C:$C,FALSE)),"") -> #NAME? | BD91: =_xludf.ifna(INDEX($AE:$AE,MATCH(AT91,$C:$C,FALSE)),"") -> #NAME? | BE91: =_xludf.ifna(INDEX($AG:$AG,MATCH(AT91,$C:$C,FALSE)),"") -> #NAME? | BF91: =_xludf.ifna(INDEX($T:$T,MATCH(AT91,$C:$C,FALSE),""),"") -> #NAME? | BG91: =_xludf.ifna(INDEX($AI:$AI,MATCH(AT91,$C:$C,FALSE)),"") -> #NAME?
A92: =IF(C92=0,"",ROW()-ROW($A$2)) -> 90 | B92: 46035 | C92: GMIAMMIPT/2026/01/0994 | D92: 11L-2103 | E92: Aerotape | F92: 1 | G92: EA | H92: =IF(C92=0,"",IF(R92>0,"DONE","WAITING")) -> DONE | I92: D5851 | J92: D85ESS-2 | K92: Komatsu | L92: 5343 | M92: PS 250 | N92: PS 250 | O92: TRACK | P92: DONY | Q92: DODI | R92: 200000998764 | S92: 46050 | T92: =IF(C92=0,"",IF(ISBLANK(S92),"WAITING","DONE")) -> DONE | V92: 9200070248 | W92: 42527 | X92: 46056 | Y92: =IF(C92=0,"",IF(V92>0,"DONE","WAITING")) -> DONE | Z92: DO 46418 | AA92: 46056 | AB92: =IF(C92=0,"",IF(Z92>0,"DONE","WAITING")) -> DONE | AD92: GMI26-0045316 | AE92: 46057 | AF92: =IF(C92=0,"",IF(ISBLANK(AD92),"WAITING","DONE")) -> DONE | AG92: 46059 | AH92: 46098 | AI92: =IF(AD92=0,"",IF(ISBLANK(AH92),"UNPAID","PAID")) -> PAID | AJ92: {=IFERROR(INDEX('[1]Master Price'!$E:$E,MATCH(D92,'[1]Master Price'!$B:$B,0)),"0")} -> 0 | AK92: =AJ92*F92 -> 0 | AL92: =IFERROR(DATEDIF(S92,T92,"d"),"0")&"-day" -> 0-day | AM92: =IFERROR(DATEDIF(S92,U92,"d"),"0")&"-day" -> 0-day | AN92: =IFERROR(DATEDIF(S92,X92,"d"),"0")&"-day" -> 6-day | AO92: =IFERROR(DATEDIF(X92,AA92,"d"),"0")&"-day" -> 0-day | AP92: =IFERROR(DATEDIF(AA92,AE92,"d"),"0")&"-day" -> 1-day | AQ92: =SUM(AL92:AP92)&"-day" -> 0-day | AS92: =IF(AT92=0,"",ROW()-ROW($AS$2)) -> 90 | AT92: GMIAMMIPT/2026/01/1055 | AU92: =_xludf.ifna(INDEX($B:$B,MATCH(AT92,$C:$C,FALSE)),"") -> #NAME? | AV92: =_xludf.ifna(INDEX($U:$U,MATCH(AT92,$C:$C,FALSE)),"") -> #NAME? | AW92: =_xludf.ifna(INDEX($Z:$Z,MATCH(AT92,$C:$C,FALSE)),"") -> #NAME? | AX92: =_xludf.ifna(INDEX($AA:$AA,MATCH(AT92,$C:$C,FALSE)),"") -> #NAME? | AY92: =IFERROR(INDEX($R:$R,MATCH(AT92,$C:$C,FALSE)),"") -> 200000998095 | AZ92: =_xludf.ifna(INDEX($V:$V,MATCH(AT92,$C:$C,FALSE)),"") -> #NAME? | BA92: =_xludf.ifna(INDEX($W:$W,MATCH(AT92,$C:$C,FALSE)),"") -> #NAME? | BB92: =_xludf.ifna(INDEX($X:$X,MATCH(AT92,$C:$C,FALSE)),"") -> #NAME? | BC92: =_xludf.ifna(INDEX($AD:$AD,MATCH(AT92,$C:$C,FALSE)),"") -> #NAME? | BD92: =_xludf.ifna(INDEX($AE:$AE,MATCH(AT92,$C:$C,FALSE)),"") -> #NAME? | BE92: =_xludf.ifna(INDEX($AG:$AG,MATCH(AT92,$C:$C,FALSE)),"") -> #NAME? | BF92: =_xludf.ifna(INDEX($T:$T,MATCH(AT92,$C:$C,FALSE),""),"") -> #NAME? | BG92: =_xludf.ifna(INDEX($AI:$AI,MATCH(AT92,$C:$C,FALSE)),"") -> #NAME?
A93: =IF(C93=0,"",ROW()-ROW($A$2)) -> 91 | B93: 46035 | C93: GMIAMMIPT/2026/01/0994 | D93: 6L1-36-1 | E93: Vinyl Insulated Female Blade Terminal blue 4mm | F93: 10 | G93: EA | H93: =IF(C93=0,"",IF(R93>0,"DONE","WAITING")) -> DONE | I93: D5851 | J93: D85ESS-2 | K93: Komatsu | L93: 5343 | M93: PS 250 | N93: PS 250 | O93: TRACK | P93: DONY | Q93: DODI | R93: 200000998764 | S93: 46050 | T93: =IF(C93=0,"",IF(ISBLANK(S93),"WAITING","DONE")) -> DONE | V93: 9200070248 | W93: 42527 | X93: 46056 | Y93: =IF(C93=0,"",IF(V93>0,"DONE","WAITING")) -> DONE | Z93: DO 46418 | AA93: 46056 | AB93: =IF(C93=0,"",IF(Z93>0,"DONE","WAITING")) -> DONE | AD93: GMI26-0045316 | AE93: 46057 | AF93: =IF(C93=0,"",IF(ISBLANK(AD93),"WAITING","DONE")) -> DONE | AG93: 46059 | AH93: 46098 | AI93: =IF(AD93=0,"",IF(ISBLANK(AH93),"UNPAID","PAID")) -> PAID | AJ93: {=IFERROR(INDEX('[1]Master Price'!$E:$E,MATCH(D93,'[1]Master Price'!$B:$B,0)),"0")} -> 0 | AK93: =AJ93*F93 -> 0 | AL93: =IFERROR(DATEDIF(S93,T93,"d"),"0")&"-day" -> 0-day | AM93: =IFERROR(DATEDIF(S93,U93,"d"),"0")&"-day" -> 0-day | AN93: =IFERROR(DATEDIF(S93,X93,"d"),"0")&"-day" -> 6-day | AO93: =IFERROR(DATEDIF(X93,AA93,"d"),"0")&"-day" -> 0-day | AP93: =IFERROR(DATEDIF(AA93,AE93,"d"),"0")&"-day" -> 1-day | AQ93: =SUM(AL93:AP93)&"-day" -> 0-day | AS93: =IF(AT93=0,"",ROW()-ROW($AS$2)) -> 91 | AT93: GMIAMMIPT/2026/01/1056 | AU93: =_xludf.ifna(INDEX($B:$B,MATCH(AT93,$C:$C,FALSE)),"") -> #NAME? | AV93: =_xludf.ifna(INDEX($U:$U,MATCH(AT93,$C:$C,FALSE)),"") -> #NAME? | AW93: =_xludf.ifna(INDEX($Z:$Z,MATCH(AT93,$C:$C,FALSE)),"") -> #NAME? | AX93: =_xludf.ifna(INDEX($AA:$AA,MATCH(AT93,$C:$C,FALSE)),"") -> #NAME? | AY93: =IFERROR(INDEX($R:$R,MATCH(AT93,$C:$C,FALSE)),"") -> 200000998010 | AZ93: =_xludf.ifna(INDEX($V:$V,MATCH(AT93,$C:$C,FALSE)),"") -> #NAME? | BA93: =_xludf.ifna(INDEX($W:$W,MATCH(AT93,$C:$C,FALSE)),"") -> #NAME? | BB93: =_xludf.ifna(INDEX($X:$X,MATCH(AT93,$C:$C,FALSE)),"") -> #NAME? | BC93: =_xludf.ifna(INDEX($AD:$AD,MATCH(AT93,$C:$C,FALSE)),"") -> #NAME? | BD93: =_xludf.ifna(INDEX($AE:$AE,MATCH(AT93,$C:$C,FALSE)),"") -> #NAME? | BE93: =_xludf.ifna(INDEX($AG:$AG,MATCH(AT93,$C:$C,FALSE)),"") -> #NAME? | BF93: =_xludf.ifna(INDEX($T:$T,MATCH(AT93,$C:$C,FALSE),""),"") -> #NAME? | BG93: =_xludf.ifna(INDEX($AI:$AI,MATCH(AT93,$C:$C,FALSE)),"") -> #NAME?
A94: =IF(C94=0,"",ROW()-ROW($A$2)) -> 92 | B94: 46035 | C94: GMIAMMIPT/2026/01/0994 | D94: 7L10-10-1 | E94: Standard Blade Fuses (ATS) 15 Amp blue | F94: 1 | G94: EA | H94: =IF(C94=0,"",IF(R94>0,"DONE","WAITING")) -> DONE | I94: D5851 | J94: D85ESS-2 | K94: Komatsu | L94: 5343 | M94: PS 250 | N94: PS 250 | O94: TRACK | P94: DONY | Q94: DODI | R94: 200000998764 | S94: 46050 | T94: =IF(C94=0,"",IF(ISBLANK(S94),"WAITING","DONE")) -> DONE | V94: 9200070248 | W94: 42527 | X94: 46056 | Y94: =IF(C94=0,"",IF(V94>0,"DONE","WAITING")) -> DONE | Z94: DO 46418 | AA94: 46056 | AB94: =IF(C94=0,"",IF(Z94>0,"DONE","WAITING")) -> DONE | AD94: GMI26-0045316 | AE94: 46057 | AF94: =IF(C94=0,"",IF(ISBLANK(AD94),"WAITING","DONE")) -> DONE | AG94: 46059 | AH94: 46098 | AI94: =IF(AD94=0,"",IF(ISBLANK(AH94),"UNPAID","PAID")) -> PAID | AJ94: {=IFERROR(INDEX('[1]Master Price'!$E:$E,MATCH(D94,'[1]Master Price'!$B:$B,0)),"0")} -> 0 | AK94: =AJ94*F94 -> 0 | AL94: =IFERROR(DATEDIF(S94,T94,"d"),"0")&"-day" -> 0-day | AM94: =IFERROR(DATEDIF(S94,U94,"d"),"0")&"-day" -> 0-day | AN94: =IFERROR(DATEDIF(S94,X94,"d"),"0")&"-day" -> 6-day | AO94: =IFERROR(DATEDIF(X94,AA94,"d"),"0")&"-day" -> 0-day | AP94: =IFERROR(DATEDIF(AA94,AE94,"d"),"0")&"-day" -> 1-day | AQ94: =SUM(AL94:AP94)&"-day" -> 0-day | AS94: =IF(AT94=0,"",ROW()-ROW($AS$2)) -> 92 | AT94: GMIAMMIPT/2026/01/1057 | AU94: =_xludf.ifna(INDEX($B:$B,MATCH(AT94,$C:$C,FALSE)),"") -> #NAME? | AV94: =_xludf.ifna(INDEX($U:$U,MATCH(AT94,$C:$C,FALSE)),"") -> #NAME? | AW94: =_xludf.ifna(INDEX($Z:$Z,MATCH(AT94,$C:$C,FALSE)),"") -> #NAME? | AX94: =_xludf.ifna(INDEX($AA:$AA,MATCH(AT94,$C:$C,FALSE)),"") -> #NAME? | AY94: =IFERROR(INDEX($R:$R,MATCH(AT94,$C:$C,FALSE)),"") -> 200000998013 | AZ94: =_xludf.ifna(INDEX($V:$V,MATCH(AT94,$C:$C,FALSE)),"") -> #NAME? | BA94: =_xludf.ifna(INDEX($W:$W,MATCH(AT94,$C:$C,FALSE)),"") -> #NAME? | BB94: =_xludf.ifna(INDEX($X:$X,MATCH(AT94,$C:$C,FALSE)),"") -> #NAME? | BC94: =_xludf.ifna(INDEX($AD:$AD,MATCH(AT94,$C:$C,FALSE)),"") -> #NAME? | BD94: =_xludf.ifna(INDEX($AE:$AE,MATCH(AT94,$C:$C,FALSE)),"") -> #NAME? | BE94: =_xludf.ifna(INDEX($AG:$AG,MATCH(AT94,$C:$C,FALSE)),"") -> #NAME? | BF94: =_xludf.ifna(INDEX($T:$T,MATCH(AT94,$C:$C,FALSE),""),"") -> #NAME? | BG94: =_xludf.ifna(INDEX($AI:$AI,MATCH(AT94,$C:$C,FALSE)),"") -> #NAME?
A95: =IF(C95=0,"",ROW()-ROW($A$2)) -> 93 | B95: 46035 | C95: GMIAMMIPT/2026/01/0994 | D95: 14L-0107-2 | E95: Oil ND8 HFC134A 250 ml | F95: 1 | G95: EA | H95: =IF(C95=0,"",IF(R95>0,"DONE","WAITING")) -> DONE | I95: D5851 | J95: D85ESS-2 | K95: Komatsu | L95: 5343 | M95: PS 250 | N95: PS 250 | O95: TRACK | P95: DONY | Q95: DODI | R95: 200000998764 | S95: 46050 | T95: =IF(C95=0,"",IF(ISBLANK(S95),"WAITING","DONE")) -> DONE | V95: 9200070248 | W95: 42527 | X95: 46056 | Y95: =IF(C95=0,"",IF(V95>0,"DONE","WAITING")) -> DONE | Z95: DO 46418 | AA95: 46056 | AB95: =IF(C95=0,"",IF(Z95>0,"DONE","WAITING")) -> DONE | AD95: GMI26-0045316 | AE95: 46057 | AF95: =IF(C95=0,"",IF(ISBLANK(AD95),"WAITING","DONE")) -> DONE | AG95: 46059 | AH95: 46098 | AI95: =IF(AD95=0,"",IF(ISBLANK(AH95),"UNPAID","PAID")) -> PAID | AJ95: {=IFERROR(INDEX('[1]Master Price'!$E:$E,MATCH(D95,'[1]Master Price'!$B:$B,0)),"0")} -> 0 | AK95: =AJ95*F95 -> 0 | AL95: =IFERROR(DATEDIF(S95,T95,"d"),"0")&"-day" -> 0-day | AM95: =IFERROR(DATEDIF(S95,U95,"d"),"0")&"-day" -> 0-day | AN95: =IFERROR(DATEDIF(S95,X95,"d"),"0")&"-day" -> 6-day | AO95: =IFERROR(DATEDIF(X95,AA95,"d"),"0")&"-day" -> 0-day | AP95: =IFERROR(DATEDIF(AA95,AE95,"d"),"0")&"-day" -> 1-day | AQ95: =SUM(AL95:AP95)&"-day" -> 0-day | AS95: =IF(AT95=0,"",ROW()-ROW($AS$2)) -> 93 | AT95: GMIAMMIPT/2026/01/1058 | AU95: =_xludf.ifna(INDEX($B:$B,MATCH(AT95,$C:$C,FALSE)),"") -> #NAME? | AV95: =_xludf.ifna(INDEX($U:$U,MATCH(AT95,$C:$C,FALSE)),"") -> #NAME? | AW95: =_xludf.ifna(INDEX($Z:$Z,MATCH(AT95,$C:$C,FALSE)),"") -> #NAME? | AX95: =_xludf.ifna(INDEX($AA:$AA,MATCH(AT95,$C:$C,FALSE)),"") -> #NAME? | AY95: =IFERROR(INDEX($R:$R,MATCH(AT95,$C:$C,FALSE)),"") -> 200000997988 | AZ95: =_xludf.ifna(INDEX($V:$V,MATCH(AT95,$C:$C,FALSE)),"") -> #NAME? | BA95: =_xludf.ifna(INDEX($W:$W,MATCH(AT95,$C:$C,FALSE)),"") -> #NAME? | BB95: =_xludf.ifna(INDEX($X:$X,MATCH(AT95,$C:$C,FALSE)),"") -> #NAME? | BC95: =_xludf.ifna(INDEX($AD:$AD,MATCH(AT95,$C:$C,FALSE)),"") -> #NAME? | BD95: =_xludf.ifna(INDEX($AE:$AE,MATCH(AT95,$C:$C,FALSE)),"") -> #NAME? | BE95: =_xludf.ifna(INDEX($AG:$AG,MATCH(AT95,$C:$C,FALSE)),"") -> #NAME? | BF95: =_xludf.ifna(INDEX($T:$T,MATCH(AT95,$C:$C,FALSE),""),"") -> #NAME? | BG95: =_xludf.ifna(INDEX($AI:$AI,MATCH(AT95,$C:$C,FALSE)),"") -> #NAME?
A96: =IF(C96=0,"",ROW()-ROW($A$2)) -> 94 | B96: 46035 | C96: GMIAMMIPT/2026/01/0994 | D96: 11L-1734 | E96: Klea freon R134 | F96: 1 | G96: EA | H96: =IF(C96=0,"",IF(R96>0,"DONE","WAITING")) -> DONE | I96: D5851 | J96: D85ESS-2 | K96: Komatsu | L96: 5343 | M96: PS 250 | N96: PS 250 | O96: TRACK | P96: DONY | Q96: DODI | R96: 200000998764 | S96: 46050 | T96: =IF(C96=0,"",IF(ISBLANK(S96),"WAITING","DONE")) -> DONE | V96: 9200070248 | W96: 42527 | X96: 46056 | Y96: =IF(C96=0,"",IF(V96>0,"DONE","WAITING")) -> DONE | Z96: DO 46418 | AA96: 46056 | AB96: =IF(C96=0,"",IF(Z96>0,"DONE","WAITING")) -> DONE | AD96: GMI26-0045316 | AE96: 46057 | AF96: =IF(C96=0,"",IF(ISBLANK(AD96),"WAITING","DONE")) -> DONE | AG96: 46059 | AH96: 46098 | AI96: =IF(AD96=0,"",IF(ISBLANK(AH96),"UNPAID","PAID")) -> PAID | AJ96: {=IFERROR(INDEX('[1]Master Price'!$E:$E,MATCH(D96,'[1]Master Price'!$B:$B,0)),"0")} -> 0 | AK96: =AJ96*F96 -> 0 | AL96: =IFERROR(DATEDIF(S96,T96,"d"),"0")&"-day" -> 0-day | AM96: =IFERROR(DATEDIF(S96,U96,"d"),"0")&"-day" -> 0-day | AN96: =IFERROR(DATEDIF(S96,X96,"d"),"0")&"-day" -> 6-day | AO96: =IFERROR(DATEDIF(X96,AA96,"d"),"0")&"-day" -> 0-day | AP96: =IFERROR(DATEDIF(AA96,AE96,"d"),"0")&"-day" -> 1-day | AQ96: =SUM(AL96:AP96)&"-day" -> 0-day | AS96: =IF(AT96=0,"",ROW()-ROW($AS$2)) -> 94 | AT96: GMIAMMIPT/2026/01/1059 | AU96: =_xludf.ifna(INDEX($B:$B,MATCH(AT96,$C:$C,FALSE)),"") -> #NAME? | AV96: =_xludf.ifna(INDEX($U:$U,MATCH(AT96,$C:$C,FALSE)),"") -> #NAME? | AW96: =_xludf.ifna(INDEX($Z:$Z,MATCH(AT96,$C:$C,FALSE)),"") -> #NAME? | AX96: =_xludf.ifna(INDEX($AA:$AA,MATCH(AT96,$C:$C,FALSE)),"") -> #NAME? | AY96: =IFERROR(INDEX($R:$R,MATCH(AT96,$C:$C,FALSE)),"") -> 200000997061 | AZ96: =_xludf.ifna(INDEX($V:$V,MATCH(AT96,$C:$C,FALSE)),"") -> #NAME? | BA96: =_xludf.ifna(INDEX($W:$W,MATCH(AT96,$C:$C,FALSE)),"") -> #NAME? | BB96: =_xludf.ifna(INDEX($X:$X,MATCH(AT96,$C:$C,FALSE)),"") -> #NAME? | BC96: =_xludf.ifna(INDEX($AD:$AD,MATCH(AT96,$C:$C,FALSE)),"") -> #NAME? | BD96: =_xludf.ifna(INDEX($AE:$AE,MATCH(AT96,$C:$C,FALSE)),"") -> #NAME? | BE96: =_xludf.ifna(INDEX($AG:$AG,MATCH(AT96,$C:$C,FALSE)),"") -> #NAME? | BF96: =_xludf.ifna(INDEX($T:$T,MATCH(AT96,$C:$C,FALSE),""),"") -> #NAME? | BG96: =_xludf.ifna(INDEX($AI:$AI,MATCH(AT96,$C:$C,FALSE)),"") -> #NAME?
A97: =IF(C97=0,"",ROW()-ROW($A$2)) -> 95 | B97: 46035 | C97: GMIAMMIPT/2026/01/0994 | D97: 6L1-106-1 | E97: Vinyl Insulated Ring Terminal blue 4mm | F97: 2 | G97: EA | H97: =IF(C97=0,"",IF(R97>0,"DONE","WAITING")) -> DONE | I97: D5851 | J97: D85ESS-2 | K97: Komatsu | L97: 5343 | M97: PS 250 | N97: PS 250 | O97: TRACK | P97: DONY | Q97: DODI | R97: 200000998764 | S97: 46050 | T97: =IF(C97=0,"",IF(ISBLANK(S97),"WAITING","DONE")) -> DONE | V97: 9200070248 | W97: 42527 | X97: 46056 | Y97: =IF(C97=0,"",IF(V97>0,"DONE","WAITING")) -> DONE | Z97: DO 46418 | AA97: 46056 | AB97: =IF(C97=0,"",IF(Z97>0,"DONE","WAITING")) -> DONE | AD97: GMI26-0045316 | AE97: 46057 | AF97: =IF(C97=0,"",IF(ISBLANK(AD97),"WAITING","DONE")) -> DONE | AG97: 46059 | AH97: 46098 | AI97: =IF(AD97=0,"",IF(ISBLANK(AH97),"UNPAID","PAID")) -> PAID | AJ97: {=IFERROR(INDEX('[1]Master Price'!$E:$E,MATCH(D97,'[1]Master Price'!$B:$B,0)),"0")} -> 0 | AK97: =AJ97*F97 -> 0 | AL97: =IFERROR(DATEDIF(S97,T97,"d"),"0")&"-day" -> 0-day | AM97: =IFERROR(DATEDIF(S97,U97,"d"),"0")&"-day" -> 0-day | AN97: =IFERROR(DATEDIF(S97,X97,"d"),"0")&"-day" -> 6-day | AO97: =IFERROR(DATEDIF(X97,AA97,"d"),"0")&"-day" -> 0-day | AP97: =IFERROR(DATEDIF(AA97,AE97,"d"),"0")&"-day" -> 1-day | AQ97: =SUM(AL97:AP97)&"-day" -> 0-day | AS97: =IF(AT97=0,"",ROW()-ROW($AS$2)) -> 95 | AT97: GMIAMMIPT/2026/01/1060 | AU97: =_xludf.ifna(INDEX($B:$B,MATCH(AT97,$C:$C,FALSE)),"") -> #NAME? | AV97: =_xludf.ifna(INDEX($U:$U,MATCH(AT97,$C:$C,FALSE)),"") -> #NAME? | AW97: =_xludf.ifna(INDEX($Z:$Z,MATCH(AT97,$C:$C,FALSE)),"") -> #NAME? | AX97: =_xludf.ifna(INDEX($AA:$AA,MATCH(AT97,$C:$C,FALSE)),"") -> #NAME? | AY97: =IFERROR(INDEX($R:$R,MATCH(AT97,$C:$C,FALSE)),"") -> 200000997991 | AZ97: =_xludf.ifna(INDEX($V:$V,MATCH(AT97,$C:$C,FALSE)),"") -> #NAME? | BA97: =_xludf.ifna(INDEX($W:$W,MATCH(AT97,$C:$C,FALSE)),"") -> #NAME? | BB97: =_xludf.ifna(INDEX($X:$X,MATCH(AT97,$C:$C,FALSE)),"") -> #NAME? | BC97: =_xludf.ifna(INDEX($AD:$AD,MATCH(AT97,$C:$C,FALSE)),"") -> #NAME? | BD97: =_xludf.ifna(INDEX($AE:$AE,MATCH(AT97,$C:$C,FALSE)),"") -> #NAME? | BE97: =_xludf.ifna(INDEX($AG:$AG,MATCH(AT97,$C:$C,FALSE)),"") -> #NAME? | BF97: =_xludf.ifna(INDEX($T:$T,MATCH(AT97,$C:$C,FALSE),""),"") -> #NAME? | BG97: =_xludf.ifna(INDEX($AI:$AI,MATCH(AT97,$C:$C,FALSE)),"") -> #NAME?
A98: =IF(C98=0,"",ROW()-ROW($A$2)) -> 96 | B98: 46035 | C98: GMIAMMIPT/2026/01/0994 | D98: 5L17-314-BK | E98: NITTO 21E PVC TAPE 19MM X 20M BLACK | F98: 1 | G98: EA | H98: =IF(C98=0,"",IF(R98>0,"DONE","WAITING")) -> DONE | I98: D5851 | J98: D85ESS-2 | K98: Komatsu | L98: 5343 | M98: PS 250 | N98: PS 250 | O98: TRACK | P98: DONY | Q98: DODI | R98: 200000998764 | S98: 46050 | T98: =IF(C98=0,"",IF(ISBLANK(S98),"WAITING","DONE")) -> DONE | V98: 9200070248 | W98: 42527 | X98: 46056 | Y98: =IF(C98=0,"",IF(V98>0,"DONE","WAITING")) -> DONE | Z98: DO 46418 | AA98: 46056 | AB98: =IF(C98=0,"",IF(Z98>0,"DONE","WAITING")) -> DONE | AD98: GMI26-0045316 | AE98: 46057 | AF98: =IF(C98=0,"",IF(ISBLANK(AD98),"WAITING","DONE")) -> DONE | AG98: 46059 | AH98: 46098 | AI98: =IF(AD98=0,"",IF(ISBLANK(AH98),"UNPAID","PAID")) -> PAID | AJ98: {=IFERROR(INDEX('[1]Master Price'!$E:$E,MATCH(D98,'[1]Master Price'!$B:$B,0)),"0")} -> 0 | AK98: =AJ98*F98 -> 0 | AL98: =IFERROR(DATEDIF(S98,T98,"d"),"0")&"-day" -> 0-day | AM98: =IFERROR(DATEDIF(S98,U98,"d"),"0")&"-day" -> 0-day | AN98: =IFERROR(DATEDIF(S98,X98,"d"),"0")&"-day" -> 6-day | AO98: =IFERROR(DATEDIF(X98,AA98,"d"),"0")&"-day" -> 0-day | AP98: =IFERROR(DATEDIF(AA98,AE98,"d"),"0")&"-day" -> 1-day | AQ98: =SUM(AL98:AP98)&"-day" -> 0-day | AS98: =IF(AT98=0,"",ROW()-ROW($AS$2)) -> 96 | AT98: GMIAMMIPT/2026/01/1061 | AU98: =_xludf.ifna(INDEX($B:$B,MATCH(AT98,$C:$C,FALSE)),"") -> #NAME? | AV98: =_xludf.ifna(INDEX($U:$U,MATCH(AT98,$C:$C,FALSE)),"") -> #NAME? | AW98: =_xludf.ifna(INDEX($Z:$Z,MATCH(AT98,$C:$C,FALSE)),"") -> #NAME? | AX98: =_xludf.ifna(INDEX($AA:$AA,MATCH(AT98,$C:$C,FALSE)),"") -> #NAME? | AY98: =IFERROR(INDEX($R:$R,MATCH(AT98,$C:$C,FALSE)),"") -> 200001000514 | AZ98: =_xludf.ifna(INDEX($V:$V,MATCH(AT98,$C:$C,FALSE)),"") -> #NAME? | BA98: =_xludf.ifna(INDEX($W:$W,MATCH(AT98,$C:$C,FALSE)),"") -> #NAME? | BB98: =_xludf.ifna(INDEX($X:$X,MATCH(AT98,$C:$C,FALSE)),"") -> #NAME? | BC98: =_xludf.ifna(INDEX($AD:$AD,MATCH(AT98,$C:$C,FALSE)),"") -> #NAME? | BD98: =_xludf.ifna(INDEX($AE:$AE,MATCH(AT98,$C:$C,FALSE)),"") -> #NAME? | BE98: =_xludf.ifna(INDEX($AG:$AG,MATCH(AT98,$C:$C,FALSE)),"") -> #NAME? | BF98: =_xludf.ifna(INDEX($T:$T,MATCH(AT98,$C:$C,FALSE),""),"") -> #NAME? | BG98: =_xludf.ifna(INDEX($AI:$AI,MATCH(AT98,$C:$C,FALSE)),"") -> #NAME?
A99: =IF(C99=0,"",ROW()-ROW($A$2)) -> 97 | B99: 46035 | C99: GMIAMMIPT/2026/01/0995 | D99: 3L7-6 | E99: Horn Heavy Duty 120Db for Heavy Duty | F99: 2 | G99: EA | H99: =IF(C99=0,"",IF(R99>0,"DONE","WAITING")) -> DONE | I99: E5311 | J99: PC300-8M0 | K99: Komatsu | N99: SUPPLY ONLY | O99: TRACK | P99: LEO | Q99: ROMI | R99: 200000992509 | S99: 46041 | T99: =IF(C99=0,"",IF(ISBLANK(S99),"WAITING","DONE")) -> DONE | V99: 9200068563 | W99: 42181 | X99: 46045 | Y99: =IF(C99=0,"",IF(V99>0,"DONE","WAITING")) -> DONE | Z99: DO 46070 | AA99: 46049 | AB99: =IF(C99=0,"",IF(Z99>0,"DONE","WAITING")) -> DONE | AD99: GMI26-0044989 | AE99: 46049 | AF99: =IF(C99=0,"",IF(ISBLANK(AD99),"WAITING","DONE")) -> DONE | AG99: 46050 | AH99: 46098 | AI99: =IF(AD99=0,"",IF(ISBLANK(AH99),"UNPAID","PAID")) -> PAID | AJ99: {=IFERROR(INDEX('[1]Master Price'!$E:$E,MATCH(D99,'[1]Master Price'!$B:$B,0)),"0")} -> 0 | AK99: =AJ99*F99 -> 0 | AL99: =IFERROR(DATEDIF(S99,T99,"d"),"0")&"-day" -> 0-day | AM99: =IFERROR(DATEDIF(S99,U99,"d"),"0")&"-day" -> 0-day | AN99: =IFERROR(DATEDIF(S99,X99,"d"),"0")&"-day" -> 4-day | AO99: =IFERROR(DATEDIF(X99,AA99,"d"),"0")&"-day" -> 4-day | AP99: =IFERROR(DATEDIF(AA99,AE99,"d"),"0")&"-day" -> 0-day | AQ99: =SUM(AL99:AP99)&"-day" -> 0-day | AS99: =IF(AT99=0,"",ROW()-ROW($AS$2)) -> 97 | AT99: GMIAMMIPT/2026/01/1062 | AU99: =_xludf.ifna(INDEX($B:$B,MATCH(AT99,$C:$C,FALSE)),"") -> #NAME? | AV99: =_xludf.ifna(INDEX($U:$U,MATCH(AT99,$C:$C,FALSE)),"") -> #NAME? | AW99: =_xludf.ifna(INDEX($Z:$Z,MATCH(AT99,$C:$C,FALSE)),"") -> #NAME? | AX99: =_xludf.ifna(INDEX($AA:$AA,MATCH(AT99,$C:$C,FALSE)),"") -> #NAME? | AY99: =IFERROR(INDEX($R:$R,MATCH(AT99,$C:$C,FALSE)),"") -> 200001000513 | AZ99: =_xludf.ifna(INDEX($V:$V,MATCH(AT99,$C:$C,FALSE)),"") -> #NAME? | BA99: =_xludf.ifna(INDEX($W:$W,MATCH(AT99,$C:$C,FALSE)),"") -> #NAME? | BB99: =_xludf.ifna(INDEX($X:$X,MATCH(AT99,$C:$C,FALSE)),"") -> #NAME? | BC99: =_xludf.ifna(INDEX($AD:$AD,MATCH(AT99,$C:$C,FALSE)),"") -> #NAME? | BD99: =_xludf.ifna(INDEX($AE:$AE,MATCH(AT99,$C:$C,FALSE)),"") -> #NAME? | BE99: =_xludf.ifna(INDEX($AG:$AG,MATCH(AT99,$C:$C,FALSE)),"") -> #NAME? | BF99: =_xludf.ifna(INDEX($T:$T,MATCH(AT99,$C:$C,FALSE),""),"") -> #NAME? | BG99: =_xludf.ifna(INDEX($AI:$AI,MATCH(AT99,$C:$C,FALSE)),"") -> #NAME?
A100: =IF(C100=0,"",ROW()-ROW($A$2)) -> 98 | B100: 46035 | C100: GMIAMMIPT/2026/01/0996 | D100: 7L64-C-4 | E100: Relay Holder w/ cable 4 Pin | F100: 1 | G100: EA | H100: =IF(C100=0,"",IF(R100>0,"DONE","WAITING")) -> DONE | I100: FT52604 | J100: FM260JD | K100: Hino | N100: SUPPLY ONLY | O100: SUPPORT | P100: LEO | Q100: FIRMAN | R100: 200000992507 | S100: 46041 | T100: =IF(C100=0,"",IF(ISBLANK(S100),"WAITING","DONE")) -> DONE | V100: 9200068561 | W100: 42180 | X100: 46045 | Y100: =IF(C100=0,"",IF(V100>0,"DONE","WAITING")) -> DONE | Z100: DO 46069 | AA100: 46049 | AB100: =IF(C100=0,"",IF(Z100>0,"DONE","WAITING")) -> DONE | AD100: GMI26-0044988 | AE100: 46049 | AF100: =IF(C100=0,"",IF(ISBLANK(AD100),"WAITING","DONE")) -> DONE | AG100: 46050 | AH100: 46098 | AI100: =IF(AD100=0,"",IF(ISBLANK(AH100),"UNPAID","PAID")) -> PAID | AJ100: {=IFERROR(INDEX('[1]Master Price'!$E:$E,MATCH(D100,'[1]Master Price'!$B:$B,0)),"0")} -> 0 | AK100: =AJ100*F100 -> 0 | AL100: =IFERROR(DATEDIF(S100,T100,"d"),"0")&"-day" -> 0-day | AM100: =IFERROR(DATEDIF(S100,U100,"d"),"0")&"-day" -> 0-day | AN100: =IFERROR(DATEDIF(S100,X100,"d"),"0")&"-day" -> 4-day | AO100: =IFERROR(DATEDIF(X100,AA100,"d"),"0")&"-day" -> 4-day | AP100: =IFERROR(DATEDIF(AA100,AE100,"d"),"0")&"-day" -> 0-day | AQ100: =SUM(AL100:AP100)&"-day" -> 0-day | AS100: =IF(AT100=0,"",ROW()-ROW($AS$2)) -> 98 | AT100: GMIAMMIPT/2026/01/1063 | AU100: =_xludf.ifna(INDEX($B:$B,MATCH(AT100,$C:$C,FALSE)),"") -> #NAME? | AV100: =_xludf.ifna(INDEX($U:$U,MATCH(AT100,$C:$C,FALSE)),"") -> #NAME? | AW100: =_xludf.ifna(INDEX($Z:$Z,MATCH(AT100,$C:$C,FALSE)),"") -> #NAME? | AX100: =_xludf.ifna(INDEX($AA:$AA,MATCH(AT100,$C:$C,FALSE)),"") -> #NAME? | AY100: =IFERROR(INDEX($R:$R,MATCH(AT100,$C:$C,FALSE)),"") -> 200001000509 | AZ100: =_xludf.ifna(INDEX($V:$V,MATCH(AT100,$C:$C,FALSE)),"") -> #NAME? | BA100: =_xludf.ifna(INDEX($W:$W,MATCH(AT100,$C:$C,FALSE)),"") -> #NAME? | BB100: =_xludf.ifna(INDEX($X:$X,MATCH(AT100,$C:$C,FALSE)),"") -> #NAME? | BC100: =_xludf.ifna(INDEX($AD:$AD,MATCH(AT100,$C:$C,FALSE)),"") -> #NAME? | BD100: =_xludf.ifna(INDEX($AE:$AE,MATCH(AT100,$C:$C,FALSE)),"") -> #NAME? | BE100: =_xludf.ifna(INDEX($AG:$AG,MATCH(AT100,$C:$C,FALSE)),"") -> #NAME? | BF100: =_xludf.ifna(INDEX($T:$T,MATCH(AT100,$C:$C,FALSE),""),"") -> #NAME? | BG100: =_xludf.ifna(INDEX($AI:$AI,MATCH(AT100,$C:$C,FALSE)),"") -> #NAME?
A101: =IF(C101=0,"",ROW()-ROW($A$2)) -> 99 | B101: 46035 | C101: GMIAMMIPT/2026/01/0996 | D101: 7L65-22 | E101: Mini Relay CO 5PIN 24V 20/30A | F101: 1 | G101: EA | H101: =IF(C101=0,"",IF(R101>0,"DONE","WAITING")) -> DONE | I101: FT52604 | J101: FM260JD | K101: Hino | N101: SUPPLY ONLY | O101: SUPPORT | P101: LEO | Q101: FIRMAN | R101: 200000992507 | S101: 46041 | T101: =IF(C101=0,"",IF(ISBLANK(S101),"WAITING","DONE")) -> DONE | V101: 9200068561 | W101: 42180 | X101: 46045 | Y101: =IF(C101=0,"",IF(V101>0,"DONE","WAITING")) -> DONE | Z101: DO 46069 | AA101: 46049 | AB101: =IF(C101=0,"",IF(Z101>0,"DONE","WAITING")) -> DONE | AD101: GMI26-0044988 | AE101: 46049 | AF101: =IF(C101=0,"",IF(ISBLANK(AD101),"WAITING","DONE")) -> DONE | AG101: 46050 | AH101: 46098 | AI101: =IF(AD101=0,"",IF(ISBLANK(AH101),"UNPAID","PAID")) -> PAID | AJ101: {=IFERROR(INDEX('[1]Master Price'!$E:$E,MATCH(D101,'[1]Master Price'!$B:$B,0)),"0")} -> 0 | AK101: =AJ101*F101 -> 0 | AL101: =IFERROR(DATEDIF(S101,T101,"d"),"0")&"-day" -> 0-day | AM101: =IFERROR(DATEDIF(S101,U101,"d"),"0")&"-day" -> 0-day | AN101: =IFERROR(DATEDIF(S101,X101,"d"),"0")&"-day" -> 4-day | AO101: =IFERROR(DATEDIF(X101,AA101,"d"),"0")&"-day" -> 4-day | AP101: =IFERROR(DATEDIF(AA101,AE101,"d"),"0")&"-day" -> 0-day | AQ101: =SUM(AL101:AP101)&"-day" -> 0-day | AS101: =IF(AT101=0,"",ROW()-ROW($AS$2)) -> 99 | AT101: GMIAMMIPT/2026/01/1064 | AU101: =_xludf.ifna(INDEX($B:$B,MATCH(AT101,$C:$C,FALSE)),"") -> #NAME? | AV101: =_xludf.ifna(INDEX($U:$U,MATCH(AT101,$C:$C,FALSE)),"") -> #NAME? | AW101: =_xludf.ifna(INDEX($Z:$Z,MATCH(AT101,$C:$C,FALSE)),"") -> #NAME? | AX101: =_xludf.ifna(INDEX($AA:$AA,MATCH(AT101,$C:$C,FALSE)),"") -> #NAME? | AY101: =IFERROR(INDEX($R:$R,MATCH(AT101,$C:$C,FALSE)),"") -> 200001000507 | AZ101: =_xludf.ifna(INDEX($V:$V,MATCH(AT101,$C:$C,FALSE)),"") -> #NAME? | BA101: =_xludf.ifna(INDEX($W:$W,MATCH(AT101,$C:$C,FALSE)),"") -> #NAME? | BB101: =_xludf.ifna(INDEX($X:$X,MATCH(AT101,$C:$C,FALSE)),"") -> #NAME? | BC101: =_xludf.ifna(INDEX($AD:$AD,MATCH(AT101,$C:$C,FALSE)),"") -> #NAME? | BD101: =_xludf.ifna(INDEX($AE:$AE,MATCH(AT101,$C:$C,FALSE)),"") -> #NAME? | BE101: =_xludf.ifna(INDEX($AG:$AG,MATCH(AT101,$C:$C,FALSE)),"") -> #NAME? | BF101: =_xludf.ifna(INDEX($T:$T,MATCH(AT101,$C:$C,FALSE),""),"") -> #NAME? | BG101: =_xludf.ifna(INDEX($AI:$AI,MATCH(AT101,$C:$C,FALSE)),"") -> #NAME?
A102: =IF(C102=0,"",ROW()-ROW($A$2)) -> 100 | B102: 46035 | C102: GMIAMMIPT/2026/01/0996 | D102: 5L1-3-30BL | E102: Cable single core 3 mm Blue (roll of 30 Mtr) | F102: 1 | G102: EA | H102: =IF(C102=0,"",IF(R102>0,"DONE","WAITING")) -> DONE | I102: FT52604 | J102: FM260JD | K102: Hino | N102: SUPPLY ONLY | O102: SUPPORT | P102: LEO | Q102: FIRMAN | R102: 200000992507 | S102: 46041 | T102: =IF(C102=0,"",IF(ISBLANK(S102),"WAITING","DONE")) -> DONE | V102: 9200068561 | W102: 42180 | X102: 46045 | Y102: =IF(C102=0,"",IF(V102>0,"DONE","WAITING")) -> DONE | Z102: DO 46069 | AA102: 46049 | AB102: =IF(C102=0,"",IF(Z102>0,"DONE","WAITING")) -> DONE | AD102: GMI26-0044988 | AE102: 46049 | AF102: =IF(C102=0,"",IF(ISBLANK(AD102),"WAITING","DONE")) -> DONE | AG102: 46050 | AH102: 46098 | AI102: =IF(AD102=0,"",IF(ISBLANK(AH102),"UNPAID","PAID")) -> PAID | AJ102: {=IFERROR(INDEX('[1]Master Price'!$E:$E,MATCH(D102,'[1]Master Price'!$B:$B,0)),"0")} -> 0 | AK102: =AJ102*F102 -> 0 | AL102: =IFERROR(DATEDIF(S102,T102,"d"),"0")&"-day" -> 0-day | AM102: =IFERROR(DATEDIF(S102,U102,"d"),"0")&"-day" -> 0-day | AN102: =IFERROR(DATEDIF(S102,X102,"d"),"0")&"-day" -> 4-day | AO102: =IFERROR(DATEDIF(X102,AA102,"d"),"0")&"-day" -> 4-day | AP102: =IFERROR(DATEDIF(AA102,AE102,"d"),"0")&"-day" -> 0-day | AQ102: =SUM(AL102:AP102)&"-day" -> 0-day | AS102: =IF(AT102=0,"",ROW()-ROW($AS$2)) -> 100 | AT102: GMIAMMIPT/2026/01/1065 | AU102: =_xludf.ifna(INDEX($B:$B,MATCH(AT102,$C:$C,FALSE)),"") -> #NAME? | AV102: =_xludf.ifna(INDEX($U:$U,MATCH(AT102,$C:$C,FALSE)),"") -> #NAME? | AW102: =_xludf.ifna(INDEX($Z:$Z,MATCH(AT102,$C:$C,FALSE)),"") -> #NAME? | AX102: =_xludf.ifna(INDEX($AA:$AA,MATCH(AT102,$C:$C,FALSE)),"") -> #NAME? | AY102: =IFERROR(INDEX($R:$R,MATCH(AT102,$C:$C,FALSE)),"") -> 200001000487 | AZ102: =_xludf.ifna(INDEX($V:$V,MATCH(AT102,$C:$C,FALSE)),"") -> #NAME? | BA102: =_xludf.ifna(INDEX($W:$W,MATCH(AT102,$C:$C,FALSE)),"") -> #NAME? | BB102: =_xludf.ifna(INDEX($X:$X,MATCH(AT102,$C:$C,FALSE)),"") -> #NAME? | BC102: =_xludf.ifna(INDEX($AD:$AD,MATCH(AT102,$C:$C,FALSE)),"") -> #NAME? | BD102: =_xludf.ifna(INDEX($AE:$AE,MATCH(AT102,$C:$C,FALSE)),"") -> #NAME? | BE102: =_xludf.ifna(INDEX($AG:$AG,MATCH(AT102,$C:$C,FALSE)),"") -> #NAME? | BF102: =_xludf.ifna(INDEX($T:$T,MATCH(AT102,$C:$C,FALSE),""),"") -> #NAME? | BG102: =_xludf.ifna(INDEX($AI:$AI,MATCH(AT102,$C:$C,FALSE)),"") -> #NAME?
A103: =IF(C103=0,"",ROW()-ROW($A$2)) -> 101 | B103: 46035 | C103: GMIAMMIPT/2026/01/0996 | D103: 5L1-3-30BK | E103: Cable single core 3 mm Black (roll of 30 Mtr) | F103: 1 | G103: EA | H103: =IF(C103=0,"",IF(R103>0,"DONE","WAITING")) -> DONE | I103: FT52604 | J103: FM260JD | K103: Hino | N103: SUPPLY ONLY | O103: SUPPORT | P103: LEO | Q103: FIRMAN | R103: 200000992507 | S103: 46041 | T103: =IF(C103=0,"",IF(ISBLANK(S103),"WAITING","DONE")) -> DONE | V103: 9200068561 | W103: 42180 | X103: 46045 | Y103: =IF(C103=0,"",IF(V103>0,"DONE","WAITING")) -> DONE | Z103: DO 46069 | AA103: 46049 | AB103: =IF(C103=0,"",IF(Z103>0,"DONE","WAITING")) -> DONE | AD103: GMI26-0044988 | AE103: 46049 | AF103: =IF(C103=0,"",IF(ISBLANK(AD103),"WAITING","DONE")) -> DONE | AG103: 46050 | AH103: 46098 | AI103: =IF(AD103=0,"",IF(ISBLANK(AH103),"UNPAID","PAID")) -> PAID | AJ103: {=IFERROR(INDEX('[1]Master Price'!$E:$E,MATCH(D103,'[1]Master Price'!$B:$B,0)),"0")} -> 0 | AK103: =AJ103*F103 -> 0 | AL103: =IFERROR(DATEDIF(S103,T103,"d"),"0")&"-day" -> 0-day | AM103: =IFERROR(DATEDIF(S103,U103,"d"),"0")&"-day" -> 0-day | AN103: =IFERROR(DATEDIF(S103,X103,"d"),"0")&"-day" -> 4-day | AO103: =IFERROR(DATEDIF(X103,AA103,"d"),"0")&"-day" -> 4-day | AP103: =IFERROR(DATEDIF(AA103,AE103,"d"),"0")&"-day" -> 0-day | AQ103: =SUM(AL103:AP103)&"-day" -> 0-day | AS103: =IF(AT103=0,"",ROW()-ROW($AS$2)) -> 101 | AT103: GMIAMMIPT/2026/01/1066 | AU103: =_xludf.ifna(INDEX($B:$B,MATCH(AT103,$C:$C,FALSE)),"") -> #NAME? | AV103: =_xludf.ifna(INDEX($U:$U,MATCH(AT103,$C:$C,FALSE)),"") -> #NAME? | AW103: =_xludf.ifna(INDEX($Z:$Z,MATCH(AT103,$C:$C,FALSE)),"") -> #NAME? | AX103: =_xludf.ifna(INDEX($AA:$AA,MATCH(AT103,$C:$C,FALSE)),"") -> #NAME? | AY103: =IFERROR(INDEX($R:$R,MATCH(AT103,$C:$C,FALSE)),"") -> 200000999488 | AZ103: =_xludf.ifna(INDEX($V:$V,MATCH(AT103,$C:$C,FALSE)),"") -> #NAME? | BA103: =_xludf.ifna(INDEX($W:$W,MATCH(AT103,$C:$C,FALSE)),"") -> #NAME? | BB103: =_xludf.ifna(INDEX($X:$X,MATCH(AT103,$C:$C,FALSE)),"") -> #NAME? | BC103: =_xludf.ifna(INDEX($AD:$AD,MATCH(AT103,$C:$C,FALSE)),"") -> #NAME? | BD103: =_xludf.ifna(INDEX($AE:$AE,MATCH(AT103,$C:$C,FALSE)),"") -> #NAME? | BE103: =_xludf.ifna(INDEX($AG:$AG,MATCH(AT103,$C:$C,FALSE)),"") -> #NAME? | BF103: =_xludf.ifna(INDEX($T:$T,MATCH(AT103,$C:$C,FALSE),""),"") -> #NAME? | BG103: =_xludf.ifna(INDEX($AI:$AI,MATCH(AT103,$C:$C,FALSE)),"") -> #NAME?
A104: =IF(C104=0,"",ROW()-ROW($A$2)) -> 102 | B104: 46035 | C104: GMIAMMIPT/2026/01/0996 | D104: 5L17-186-BK | E104: Cable Ties width: 4.8mm, length: 300mm Black (pack 0f 100) | F104: 1 | G104: EA | H104: =IF(C104=0,"",IF(R104>0,"DONE","WAITING")) -> DONE | I104: FT52604 | J104: FM260JD | K104: Hino | N104: SUPPLY ONLY | O104: SUPPORT | P104: LEO | Q104: FIRMAN | R104: 200000992507 | S104: 46041 | T104: =IF(C104=0,"",IF(ISBLANK(S104),"WAITING","DONE")) -> DONE | V104: 9200068561 | W104: 42180 | X104: 46045 | Y104: =IF(C104=0,"",IF(V104>0,"DONE","WAITING")) -> DONE | Z104: DO 46069 | AA104: 46049 | AB104: =IF(C104=0,"",IF(Z104>0,"DONE","WAITING")) -> DONE | AD104: GMI26-0044988 | AE104: 46049 | AF104: =IF(C104=0,"",IF(ISBLANK(AD104),"WAITING","DONE")) -> DONE | AG104: 46050 | AH104: 46098 | AI104: =IF(AD104=0,"",IF(ISBLANK(AH104),"UNPAID","PAID")) -> PAID | AJ104: {=IFERROR(INDEX('[1]Master Price'!$E:$E,MATCH(D104,'[1]Master Price'!$B:$B,0)),"0")} -> 0 | AK104: =AJ104*F104 -> 0 | AL104: =IFERROR(DATEDIF(S104,T104,"d"),"0")&"-day" -> 0-day | AM104: =IFERROR(DATEDIF(S104,U104,"d"),"0")&"-day" -> 0-day | AN104: =IFERROR(DATEDIF(S104,X104,"d"),"0")&"-day" -> 4-day | AO104: =IFERROR(DATEDIF(X104,AA104,"d"),"0")&"-day" -> 4-day | AP104: =IFERROR(DATEDIF(AA104,AE104,"d"),"0")&"-day" -> 0-day | AQ104: =SUM(AL104:AP104)&"-day" -> 0-day | AS104: =IF(AT104=0,"",ROW()-ROW($AS$2)) -> 102 | AT104: GMIAMMIPT/2026/01/1067 | AU104: =_xludf.ifna(INDEX($B:$B,MATCH(AT104,$C:$C,FALSE)),"") -> #NAME? | AV104: =_xludf.ifna(INDEX($U:$U,MATCH(AT104,$C:$C,FALSE)),"") -> #NAME? | AW104: =_xludf.ifna(INDEX($Z:$Z,MATCH(AT104,$C:$C,FALSE)),"") -> #NAME? | AX104: =_xludf.ifna(INDEX($AA:$AA,MATCH(AT104,$C:$C,FALSE)),"") -> #NAME? | AY104: =IFERROR(INDEX($R:$R,MATCH(AT104,$C:$C,FALSE)),"") -> 200000999487 | AZ104: =_xludf.ifna(INDEX($V:$V,MATCH(AT104,$C:$C,FALSE)),"") -> #NAME? | BA104: =_xludf.ifna(INDEX($W:$W,MATCH(AT104,$C:$C,FALSE)),"") -> #NAME? | BB104: =_xludf.ifna(INDEX($X:$X,MATCH(AT104,$C:$C,FALSE)),"") -> #NAME? | BC104: =_xludf.ifna(INDEX($AD:$AD,MATCH(AT104,$C:$C,FALSE)),"") -> #NAME? | BD104: =_xludf.ifna(INDEX($AE:$AE,MATCH(AT104,$C:$C,FALSE)),"") -> #NAME? | BE104: =_xludf.ifna(INDEX($AG:$AG,MATCH(AT104,$C:$C,FALSE)),"") -> #NAME? | BF104: =_xludf.ifna(INDEX($T:$T,MATCH(AT104,$C:$C,FALSE),""),"") -> #NAME? | BG104: =_xludf.ifna(INDEX($AI:$AI,MATCH(AT104,$C:$C,FALSE)),"") -> #NAME?
A105: =IF(C105=0,"",ROW()-ROW($A$2)) -> 103 | B105: 46035 | C105: GMIAMMIPT/2026/01/0996 | D105: 11L-3559 | E105: Selenoid Valve RV3221-08Q EMC 24VDC | F105: 1 | G105: EA | H105: =IF(C105=0,"",IF(R105>0,"DONE","WAITING")) -> DONE | I105: FT52604 | J105: FM260JD | K105: Hino | N105: SUPPLY ONLY | O105: SUPPORT | P105: LEO | Q105: FIRMAN | R105: 200000992507 | S105: 46041 | T105: =IF(C105=0,"",IF(ISBLANK(S105),"WAITING","DONE")) -> DONE | V105: 9200068561 | W105: 42180 | X105: 46045 | Y105: =IF(C105=0,"",IF(V105>0,"DONE","WAITING")) -> DONE | Z105: DO 46069 | AA105: 46049 | AB105: =IF(C105=0,"",IF(Z105>0,"DONE","WAITING")) -> DONE | AD105: GMI26-0044988 | AE105: 46049 | AF105: =IF(C105=0,"",IF(ISBLANK(AD105),"WAITING","DONE")) -> DONE | AG105: 46050 | AH105: 46098 | AI105: =IF(AD105=0,"",IF(ISBLANK(AH105),"UNPAID","PAID")) -> PAID | AJ105: {=IFERROR(INDEX('[1]Master Price'!$E:$E,MATCH(D105,'[1]Master Price'!$B:$B,0)),"0")} -> 0 | AK105: =AJ105*F105 -> 0 | AL105: =IFERROR(DATEDIF(S105,T105,"d"),"0")&"-day" -> 0-day | AM105: =IFERROR(DATEDIF(S105,U105,"d"),"0")&"-day" -> 0-day | AN105: =IFERROR(DATEDIF(S105,X105,"d"),"0")&"-day" -> 4-day | AO105: =IFERROR(DATEDIF(X105,AA105,"d"),"0")&"-day" -> 4-day | AP105: =IFERROR(DATEDIF(AA105,AE105,"d"),"0")&"-day" -> 0-day | AQ105: =SUM(AL105:AP105)&"-day" -> 0-day | AS105: =IF(AT105=0,"",ROW()-ROW($AS$2)) -> 103 | AT105: GMIAMMIPT/2026/01/1068 | AU105: =_xludf.ifna(INDEX($B:$B,MATCH(AT105,$C:$C,FALSE)),"") -> #NAME? | AV105: =_xludf.ifna(INDEX($U:$U,MATCH(AT105,$C:$C,FALSE)),"") -> #NAME? | AW105: =_xludf.ifna(INDEX($Z:$Z,MATCH(AT105,$C:$C,FALSE)),"") -> #NAME? | AX105: =_xludf.ifna(INDEX($AA:$AA,MATCH(AT105,$C:$C,FALSE)),"") -> #NAME? | AY105: =IFERROR(INDEX($R:$R,MATCH(AT105,$C:$C,FALSE)),"") -> 210000273978 | AZ105: =_xludf.ifna(INDEX($V:$V,MATCH(AT105,$C:$C,FALSE)),"") -> #NAME? | BA105: =_xludf.ifna(INDEX($W:$W,MATCH(AT105,$C:$C,FALSE)),"") -> #NAME? | BB105: =_xludf.ifna(INDEX($X:$X,MATCH(AT105,$C:$C,FALSE)),"") -> #NAME? | BC105: =_xludf.ifna(INDEX($AD:$AD,MATCH(AT105,$C:$C,FALSE)),"") -> #NAME? | BD105: =_xludf.ifna(INDEX($AE:$AE,MATCH(AT105,$C:$C,FALSE)),"") -> #NAME? | BE105: =_xludf.ifna(INDEX($AG:$AG,MATCH(AT105,$C:$C,FALSE)),"") -> #NAME? | BF105: =_xludf.ifna(INDEX($T:$T,MATCH(AT105,$C:$C,FALSE),""),"") -> #NAME? | BG105: =_xludf.ifna(INDEX($AI:$AI,MATCH(AT105,$C:$C,FALSE)),"") -> #NAME?
